gene_a,gene_b,growth_a,growth_b,growth_ab,bliss_score_feat,bliss_expected,interaction,Alanine_and_Aspartate_Metabolism_vp_sigma,Alanine_and_Aspartate_Metabolism_vn_sigma,Alanine_and_Aspartate_Metabolism_vp_delta,Alanine_and_Aspartate_Metabolism_vn_delta,Alternate_Carbon_Metabolism_vp_sigma,Alternate_Carbon_Metabolism_vn_sigma,Alternate_Carbon_Metabolism_vp_delta,Alternate_Carbon_Metabolism_vn_delta,Anaplerotic_Reactions_vp_sigma,Anaplerotic_Reactions_vn_sigma,Anaplerotic_Reactions_vp_delta,Anaplerotic_Reactions_vn_delta,Arginine_and_Proline_Metabolism_vp_sigma,Arginine_and_Proline_Metabolism_vn_sigma,Arginine_and_Proline_Metabolism_vp_delta,Arginine_and_Proline_Metabolism_vn_delta,Biomass_and_maintenance_functions_vp_sigma,Biomass_and_maintenance_functions_vn_sigma,Biomass_and_maintenance_functions_vp_delta,Biomass_and_maintenance_functions_vn_delta,Cell_Envelope_Biosynthesis_vp_sigma,Cell_Envelope_Biosynthesis_vn_sigma,Cell_Envelope_Biosynthesis_vp_delta,Cell_Envelope_Biosynthesis_vn_delta,Citric_Acid_Cycle_vp_sigma,Citric_Acid_Cycle_vn_sigma,Citric_Acid_Cycle_vp_delta,Citric_Acid_Cycle_vn_delta,Cofactor_and_Prosthetic_Group_Biosynthesis_vp_sigma,Cofactor_and_Prosthetic_Group_Biosynthesis_vn_sigma,Cofactor_and_Prosthetic_Group_Biosynthesis_vp_delta,Cofactor_and_Prosthetic_Group_Biosynthesis_vn_delta,Cysteine_Metabolism_vp_sigma,Cysteine_Metabolism_vn_sigma,Cysteine_Metabolism_vp_delta,Cysteine_Metabolism_vn_delta,Extracellular_exchange_vp_sigma,Extracellular_exchange_vn_sigma,Extracellular_exchange_vp_delta,Extracellular_exchange_vn_delta,Folate_Metabolism_vp_sigma,Folate_Metabolism_vn_sigma,Folate_Metabolism_vp_delta,Folate_Metabolism_vn_delta,Glutamate_Metabolism_vp_sigma,Glutamate_Metabolism_vn_sigma,Glutamate_Metabolism_vp_delta,Glutamate_Metabolism_vn_delta,Glycerophospholipid_Metabolism_vp_sigma,Glycerophospholipid_Metabolism_vn_sigma,Glycerophospholipid_Metabolism_vp_delta,Glycerophospholipid_Metabolism_vn_delta,Glycine_and_Serine_Metabolism_vp_sigma,Glycine_and_Serine_Metabolism_vn_sigma,Glycine_and_Serine_Metabolism_vp_delta,Glycine_and_Serine_Metabolism_vn_delta,Glycolysis_Gluconeogenesis_vp_sigma,Glycolysis_Gluconeogenesis_vn_sigma,Glycolysis_Gluconeogenesis_vp_delta,Glycolysis_Gluconeogenesis_vn_delta,Glyoxylate_Metabolism_vp_sigma,Glyoxylate_Metabolism_vn_sigma,Glyoxylate_Metabolism_vp_delta,Glyoxylate_Metabolism_vn_delta,Histidine_Metabolism_vp_sigma,Histidine_Metabolism_vn_sigma,Histidine_Metabolism_vp_delta,Histidine_Metabolism_vn_delta,Inorganic_Ion_Transport_and_Metabolism_vp_sigma,Inorganic_Ion_Transport_and_Metabolism_vn_sigma,Inorganic_Ion_Transport_and_Metabolism_vp_delta,Inorganic_Ion_Transport_and_Metabolism_vn_delta,Intracellular_demand_vp_sigma,Intracellular_demand_vn_sigma,Intracellular_demand_vp_delta,Intracellular_demand_vn_delta,Lipopolysaccharide_Biosynthesis___Recycling_vp_sigma,Lipopolysaccharide_Biosynthesis___Recycling_vn_sigma,Lipopolysaccharide_Biosynthesis___Recycling_vp_delta,Lipopolysaccharide_Biosynthesis___Recycling_vn_delta,Membrane_Lipid_Metabolism_vp_sigma,Membrane_Lipid_Metabolism_vn_sigma,Membrane_Lipid_Metabolism_vp_delta,Membrane_Lipid_Metabolism_vn_delta,Metabolite_Repair_vp_sigma,Metabolite_Repair_vn_sigma,Metabolite_Repair_vp_delta,Metabolite_Repair_vn_delta,Methionine_Metabolism_vp_sigma,Methionine_Metabolism_vn_sigma,Methionine_Metabolism_vp_delta,Methionine_Metabolism_vn_delta,Methylglyoxal_Metabolism_vp_sigma,Methylglyoxal_Metabolism_vn_sigma,Methylglyoxal_Metabolism_vp_delta,Methylglyoxal_Metabolism_vn_delta,Murein_Biosynthesis_vp_sigma,Murein_Biosynthesis_vn_sigma,Murein_Biosynthesis_vp_delta,Murein_Biosynthesis_vn_delta,Murein_Recycling_vp_sigma,Murein_Recycling_vn_sigma,Murein_Recycling_vp_delta,Murein_Recycling_vn_delta,Nitrogen_Metabolism_vp_sigma,Nitrogen_Metabolism_vn_sigma,Nitrogen_Metabolism_vp_delta,Nitrogen_Metabolism_vn_delta,Nucleotide_Salvage_Pathway_vp_sigma,Nucleotide_Salvage_Pathway_vn_sigma,Nucleotide_Salvage_Pathway_vp_delta,Nucleotide_Salvage_Pathway_vn_delta,Oxidative_Phosphorylation_vp_sigma,Oxidative_Phosphorylation_vn_sigma,Oxidative_Phosphorylation_vp_delta,Oxidative_Phosphorylation_vn_delta,Pentose_Phosphate_Pathway_vp_sigma,Pentose_Phosphate_Pathway_vn_sigma,Pentose_Phosphate_Pathway_vp_delta,Pentose_Phosphate_Pathway_vn_delta,Purine_and_Pyrimidine_Biosynthesis_vp_sigma,Purine_and_Pyrimidine_Biosynthesis_vn_sigma,Purine_and_Pyrimidine_Biosynthesis_vp_delta,Purine_and_Pyrimidine_Biosynthesis_vn_delta,Pyruvate_Metabolism_vp_sigma,Pyruvate_Metabolism_vn_sigma,Pyruvate_Metabolism_vp_delta,Pyruvate_Metabolism_vn_delta,Threonine_and_Lysine_Metabolism_vp_sigma,Threonine_and_Lysine_Metabolism_vn_sigma,Threonine_and_Lysine_Metabolism_vp_delta,Threonine_and_Lysine_Metabolism_vn_delta,Transport_Inner_Membrane_vp_sigma,Transport_Inner_Membrane_vn_sigma,Transport_Inner_Membrane_vp_delta,Transport_Inner_Membrane_vn_delta,Transport_Outer_Membrane_vp_sigma,Transport_Outer_Membrane_vn_sigma,Transport_Outer_Membrane_vp_delta,Transport_Outer_Membrane_vn_delta,Transport_Outer_Membrane_Porin_vp_sigma,Transport_Outer_Membrane_Porin_vn_sigma,Transport_Outer_Membrane_Porin_vp_delta,Transport_Outer_Membrane_Porin_vn_delta,Tyrosine_Tryptophan_and_Phenylalanine_Metabolism_vp_sigma,Tyrosine_Tryptophan_and_Phenylalanine_Metabolism_vn_sigma,Tyrosine_Tryptophan_and_Phenylalanine_Metabolism_vp_delta,Tyrosine_Tryptophan_and_Phenylalanine_Metabolism_vn_delta,Unassigned_vp_sigma,Unassigned_vn_sigma,Unassigned_vp_delta,Unassigned_vn_delta,Valine_Leucine_and_Isoleucine_Metabolism_vp_sigma,Valine_Leucine_and_Isoleucine_Metabolism_vn_sigma,Valine_Leucine_and_Isoleucine_Metabolism_vp_delta,Valine_Leucine_and_Isoleucine_Metabolism_vn_delta,tRNA_Charging_vp_sigma,tRNA_Charging_vn_sigma,tRNA_Charging_vp_delta,tRNA_Charging_vn_delta,potency,growth_combo,bliss_score_combo,bliss_score,calma_potency,calma_toxicity,calma_quality,pareto_optimal,quadrant
b1679,b1738,1.000000000000046,1.000000000000046,1.0,7.038813976123492e-14,1.000000000000092,additive,0.0,0.0,0,0.0,0.0,0.0,0.0,0.0,0.0,0.0,0.0,0.0,0.0,0.0,0,0.0,0.0,0.0,0.0,0.0,0.0,0.0,0.0,0.0,0.0,0.0,0.0,0.0,0.0,0.0,0.0,0.0,0.0,0.0,0,0.0,0.0,0.0,0.0,0.0,0.0,0.0,0,0.0,0.0,0.0,0,0.0,0.0,0.0,0.0,0.0,0.0,0.0,0,0.0,0.0,0.0,0.0,0.0,0.0,0.0,0.0,0,0.0,0.0,0,0.0,0.0,0.0,0.0,0.0,0.0,0.0,0.0,0.0,0.0,0.0,0.0,0.0,0.0,0.0,0.0,0.0,0.0,0.0,0,0,0.0,0.0,0.0,0.0,0.0,0.0,0,0,0.0,0.0,0,0.0,0.0,0.0,0,0,0.0,0.0,0,0.0,0.0,0.0,0.0,0.0,0.0,0.0,0,0.0,0.0,0.0,0.0,0.0,0.0,0.0,0,0.0,0.0,0.0,0.0,0.0,0.0,0.0,0,0.0,0.0,0.0,0.0,0.0,0.0,0.0,0.0,0,0.0,0.0,0.0,0.0,0.0,0.0,0.0,0.0,0.0,0.0,0.0,0.0,0.0,0.0,0,0.0,0.0,0.0,0.0,0.0,0.0,1.0,0.0,7.038813976123492e-14,0.010761679,0.49997592,0.005381099,False,Q4: Low Potency + High Toxicity (AVOID)
b1679,b2291,1.000000000000046,1.000000000000046,1.0,7.038813976123492e-14,1.000000000000092,additive,0.0,0.0,0,0.0,0.0,0.0,0.0,0.0,0.0,0.0,0.0,0.0,0.0,0.0,0,0.0,0.0,0.0,0.0,0.0,0.0,0.0,0.0,0.0,0.0,0.0,0.0,0.0,0.0,0.0,0.0,0.0,0.0,0.0,0,0.0,0.0,0.0,0.0,0.0,0.0,0.0,0,0.0,0.0,0.0,0,0.0,0.0,0.0,0.0,0.0,0.0,0.0,0,0.0,0.0,0.0,0.0,0.0,0.0,0.0,0.0,0,0.0,0.0,0,0.0,0.0,0.0,0.0,0.0,0.0,0.0,0.0,0.0,0.0,0.0,0.0,0.0,0.0,0.0,0.0,0.0,0.0,0.0,0,0,0.0,0.0,0.0,0.0,0.0,0.0,0,0,0.0,0.0,0,0.0,0.0,0.0,0,0,0.0,0.0,0,0.0,0.0,0.0,0.0,0.0,0.0,0.0,0,0.0,0.0,0.0,0.0,0.0,0.0,0.0,0,0.0,0.0,0.0,0.0,0.0,0.0,0.0,0,0.0,0.0,0.0,0.0,0.0,0.0,0.0,0.0,0,0.0,0.0,0.0,0.0,0.0,0.0,0.0,0.0,0.0,0.0,0.0,0.0,0.0,0.0,0,0.0,0.0,0.0,0.0,0.0,0.0,1.0,0.0,7.038813976123492e-14,0.010761679,0.49997592,0.005381099,False,Q4: Low Potency + High Toxicity (AVOID)
b1679,b2034,1.000000000000046,1.000000000000046,1.0,7.038813976123492e-14,1.000000000000092,additive,0.0,0.0,0,0.0,0.0,0.0,0.0,0.0,0.0,0.0,0.0,0.0,0.0,0.0,0,0.0,0.0,0.0,0.0,0.0,0.0,0.0,0.0,0.0,0.0,0.0,0.0,0.0,0.0,0.0,0.0,0.0,0.0,0.0,0,0.0,0.0,0.0,0.0,0.0,0.0,0.0,0,0.0,0.0,0.0,0,0.0,0.0,0.0,0.0,0.0,0.0,0.0,0,0.0,0.0,0.0,0.0,0.0,0.0,0.0,0.0,0,0.0,0.0,0,0.0,0.0,0.0,0.0,0.0,0.0,0.0,0.0,0.0,0.0,0.0,0.0,0.0,0.0,0.0,0.0,0.0,0.0,0.0,0,0,0.0,0.0,0.0,0.0,0.0,0.0,0,0,0.0,0.0,0,0.0,0.0,0.0,0,0,0.0,0.0,0,0.0,0.0,0.0,0.0,0.0,0.0,0.0,0,0.0,0.0,0.0,0.0,0.0,0.0,0.0,0,0.0,0.0,0.0,0.0,0.0,0.0,0.0,0,0.0,0.0,0.0,0.0,0.0,0.0,0.0,0.0,0,0.0,0.0,0.0,0.0,0.0,0.0,0.0,0.0,0.0,0.0,0.0,0.0,0.0,0.0,0,0.0,0.0,0.0,0.0,0.0,0.0,1.0,0.0,7.038813976123492e-14,0.010761679,0.49997592,0.005381099,False,Q4: Low Potency + High Toxicity (AVOID)
b1679,b2131,1.000000000000046,1.0000000000000129,1.0,-5.329070518200751e-15,1.0000000000000588,additive,0.0,0.0,0,0.0,0.0,0.0,0.0,0.0,0.0,0.0,0.0,0.0,0.0,0.0,0,0.0,0.0,0.0,0.0,0.0,0.0,0.0,0.0,0.0,0.0,0.0,0.0,0.0,0.0,0.0,0.0,0.0,0.0,0.0,0,0.0,0.0,0.0,0.0,0.0,0.0,0.0,0,0.0,0.0,0.0,0,0.0,0.0,0.0,0.0,0.0,0.0,0.0,0,0.0,0.0,0.0,0.0,0.0,0.0,0.0,0.0,0,0.0,0.0,0,0.0,0.0,0.0,0.0,0.0,0.0,0.0,0.0,0.0,0.0,0.0,0.0,0.0,0.0,0.0,0.0,0.0,0.0,0.0,0,0,0.0,0.0,0.0,0.0,0.0,0.0,0,0,0.0,0.0,0,0.0,0.0,0.0,0,0,0.0,0.0,0,0.0,0.0,0.0,0.0,0.0,0.0,0.0,0,0.0,0.0,0.0,0.0,0.0,0.0,0.0,0,0.0,0.0,0.0,0.0,0.0,0.0,0.0,0,0.0,0.0,0.0,0.0,0.0,0.0,0.0,0.0,0,0.0,0.0,0.0,0.0,0.0,0.0,0.0,0.0,0.0,0.0,0.0,0.0,0.0,0.0,0,0.0,0.0,0.0,0.0,0.0,0.0,1.0,0.0,-5.329070518200751e-15,0.010761679,0.49997592,0.005381099,False,Q4: Low Potency + High Toxicity (AVOID)
b1679,b1727,1.000000000000046,1.0000000000000075,1.0,5.262457136723242e-14,1.0000000000000535,additive,0.0,0.0,0,0.0,0.0,0.0,0.0,0.0,0.0,0.0,0.0,0.0,0.0,0.0,0,0.0,0.0,0.0,0.0,0.0,0.0,0.0,0.0,0.0,0.0,0.0,0.0,0.0,0.0,0.0,0.0,0.0,0.0,0.0,0,0.0,0.0,0.0,0.0,0.0,0.0,0.0,0,0.0,0.0,0.0,0,0.0,0.0,0.0,0.0,0.0,0.0,0.0,0,0.0,0.0,0.0,0.0,0.0,0.0,0.0,0.0,0,0.0,0.0,0,0.0,0.0,0.0,0.0,0.0,0.0,0.0,0.0,0.0,0.0,0.0,0.0,0.0,0.0,0.0,0.0,0.0,0.0,0.0,0,0,0.0,0.0,0.0,0.0,0.0,0.0,0,0,0.0,0.0,0,0.0,0.0,0.0,0,0,0.0,0.0,0,0.0,0.0,0.0,0.0,0.0,0.0,0.0,0,0.0,0.0,0.0,0.0,0.0,0.0,0.0,0,0.0,0.0,0.0,0.0,0.0,0.0,0.0,0,0.0,0.0,0.0,0.0,0.0,0.0,0.0,0.0,0,0.0,0.0,0.0,0.0,0.0,0.0,0.0,0.0,0.0,0.0,0.0,0.0,0.0,0.0,0,0.0,0.0,0.0,0.0,0.0,0.0,1.0,0.0,5.262457136723242e-14,0.010761679,0.49997592,0.005381099,False,Q4: Low Potency + High Toxicity (AVOID)
b1679,b1812,1.000000000000046,-3.264403440784321e-13,0.6666666666666667,-1.85614304078705e-12,-3.264403440784471e-13,additive,0.0,1.848519819615962,0,3.697039639231924,0.3533075125666028,1.2881834973912094,0.7066150251332056,2.576366994782419,0.501606538466973,1.2980536625408918,1.003213076933946,2.5961073250817837,0.0,1.4253642786689664,0,2.850728557337933,8.468148148148064,0.43849860721334033,16.936296296296128,0.8769972144266807,5.623691637903215,0.3778893297243127,11.24738327580643,0.7557786594486254,0.0,23.487501030003493,0.0,46.975002060006986,4.5970458350353,0.044160756233823026,9.1940916700706,0.08832151246764605,0.0,0.7596435861725868,0,1.5192871723451735,0.31776235323108765,29.60738601137978,0.6355247064621753,59.21477202275956,0.0,0.9582095682250521,0,1.9164191364501042,0.0,3.881081048274893,0,7.762162096549786,0.6417970380121019,0.2668378034531053,1.2835940760242037,0.5336756069062106,0.0,2.193994710152503,0,4.387989420305006,3.925432305787787,0.0,7.850864611575574,0.0,0.0,0.0,0.0,0,0.0,0.37388232945159694,0,0.7477646589031939,0.1325771680458378,12.216536959116022,0.2651543360916756,24.433073918232044,0.0,0.00019732437324600314,0.0,0.0003946487464920063,3.9290397827423726,0.00853142890194275,7.858079565484745,0.0170628578038855,20.884760571177097,0.9754173498185013,41.76952114235419,1.9508346996370025,0.0,0.0,0,0,0.0,0.27153149254471665,0.0,0.5430629850894333,0.0,0.0,0,0,0.0,0.0121849992972443,0,0.0243699985944886,0.0,0.0,0,0,0.0,0.2747575267979853,0,0.5495150535959706,4.807701528132074,0.5472006579471206,9.615403056264148,1.0944013158942412,0.0,55.83248108384535,0,111.6649621676907,0.0,4.333126397199992,0.0,8.666252794399984,0.0,3.514956162077088,0,7.029912324154176,0.23016524046245074,0.04768891602748633,0.4603304809249015,0.09537783205497266,0.0,2.8474196468479005,0,5.694839293695801,0.33738913612753374,13.963334300343526,0.6747782722550675,27.92666860068705,0.0,0.0,0.0,0,0.13257716804583797,29.607386011379784,0.26515433609167594,59.21477202275957,0.0,1.7448048135419927,0.0,3.4896096270839854,0.695440534008197,0.0007129987353294583,1.390881068016394,0.0014259974706589166,0.0,3.158108188019548,0,6.316216376039096,0.0,0.001564563030537198,0.0,0.003129126061074396,0.3333333333333333,0.6666666666666666,0.0,-1.85614304078705e-12,0.33291274,0.499987,0.1664607,False,Q2: High Potency + High Toxicity (RISKY)
b1738,b2291,1.000000000000046,1.000000000000046,1.0,8.415490526658687e-14,1.000000000000092,additive,0.0,0.0,0,0.0,0.0,0.0,0.0,0.0,0.0,0.0,0.0,0.0,0.0,0.0,0,0.0,0.0,0.0,0.0,0.0,0.0,0.0,0.0,0.0,0.0,0.0,0.0,0.0,0.0,0.0,0.0,0.0,0.0,0.0,0,0.0,0.0,0.0,0.0,0.0,0.0,0.0,0,0.0,0.0,0.0,0,0.0,0.0,0.0,0.0,0.0,0.0,0.0,0,0.0,0.0,0.0,0.0,0.0,0.0,0.0,0.0,0,0.0,0.0,0,0.0,0.0,0.0,0.0,0.0,0.0,0.0,0.0,0.0,0.0,0.0,0.0,0.0,0.0,0.0,0.0,0.0,0.0,0.0,0,0,0.0,0.0,0.0,0.0,0.0,0.0,0,0,0.0,0.0,0,0.0,0.0,0.0,0,0,0.0,0.0,0,0.0,0.0,0.0,0.0,0.0,0.0,0.0,0,0.0,0.0,0.0,0.0,0.0,0.0,0.0,0,0.0,0.0,0.0,0.0,0.0,0.0,0.0,0,0.0,0.0,0.0,0.0,0.0,0.0,0.0,0.0,0,0.0,0.0,0.0,0.0,0.0,0.0,0.0,0.0,0.0,0.0,0.0,0.0,0.0,0.0,0,0.0,0.0,0.0,0.0,0.0,0.0,1.0,0.0,8.415490526658687e-14,0.010761679,0.49997592,0.005381099,False,Q4: Low Potency + High Toxicity (AVOID)
b1738,b2034,1.000000000000046,1.000000000000046,1.0,8.415490526658687e-14,1.000000000000092,additive,0.0,0.0,0,0.0,0.0,0.0,0.0,0.0,0.0,0.0,0.0,0.0,0.0,0.0,0,0.0,0.0,0.0,0.0,0.0,0.0,0.0,0.0,0.0,0.0,0.0,0.0,0.0,0.0,0.0,0.0,0.0,0.0,0.0,0,0.0,0.0,0.0,0.0,0.0,0.0,0.0,0,0.0,0.0,0.0,0,0.0,0.0,0.0,0.0,0.0,0.0,0.0,0,0.0,0.0,0.0,0.0,0.0,0.0,0.0,0.0,0,0.0,0.0,0,0.0,0.0,0.0,0.0,0.0,0.0,0.0,0.0,0.0,0.0,0.0,0.0,0.0,0.0,0.0,0.0,0.0,0.0,0.0,0,0,0.0,0.0,0.0,0.0,0.0,0.0,0,0,0.0,0.0,0,0.0,0.0,0.0,0,0,0.0,0.0,0,0.0,0.0,0.0,0.0,0.0,0.0,0.0,0,0.0,0.0,0.0,0.0,0.0,0.0,0.0,0,0.0,0.0,0.0,0.0,0.0,0.0,0.0,0,0.0,0.0,0.0,0.0,0.0,0.0,0.0,0.0,0,0.0,0.0,0.0,0.0,0.0,0.0,0.0,0.0,0.0,0.0,0.0,0.0,0.0,0.0,0,0.0,0.0,0.0,0.0,0.0,0.0,1.0,0.0,8.415490526658687e-14,0.010761679,0.49997592,0.005381099,False,Q4: Low Potency + High Toxicity (AVOID)
b1738,b2131,1.000000000000046,1.0000000000000129,1.0,-3.597344644390432e-11,1.0000000000000588,additive,0.0,0.0,0,0.0,0.0,0.0,0.0,0.0,0.0,0.0,0.0,0.0,0.0,0.0,0,0.0,0.0,0.0,0.0,0.0,0.0,0.0,0.0,0.0,0.0,0.0,0.0,0.0,0.0,0.0,0.0,0.0,0.0,0.0,0,0.0,0.0,0.0,0.0,0.0,0.0,0.0,0,0.0,0.0,0.0,0,0.0,0.0,0.0,0.0,0.0,0.0,0.0,0,0.0,0.0,0.0,0.0,0.0,0.0,0.0,0.0,0,0.0,0.0,0,0.0,0.0,0.0,0.0,0.0,0.0,0.0,0.0,0.0,0.0,0.0,0.0,0.0,0.0,0.0,0.0,0.0,0.0,0.0,0,0,0.0,0.0,0.0,0.0,0.0,0.0,0,0,0.0,0.0,0,0.0,0.0,0.0,0,0,0.0,0.0,0,0.0,0.0,0.0,0.0,0.0,0.0,0.0,0,0.0,0.0,0.0,0.0,0.0,0.0,0.0,0,0.0,0.0,0.0,0.0,0.0,0.0,0.0,0,0.0,0.0,0.0,0.0,0.0,0.0,0.0,0.0,0,0.0,0.0,0.0,0.0,0.0,0.0,0.0,0.0,0.0,0.0,0.0,0.0,0.0,0.0,0,0.0,0.0,0.0,0.0,0.0,0.0,1.0,0.0,-3.597344644390432e-11,0.010761679,0.49997592,0.005381099,False,Q4: Low Potency + High Toxicity (AVOID)
b1738,b1812,1.000000000000046,-3.264403440784321e-13,0.6666666666666667,-3.273718209149963e-13,-3.264403440784471e-13,additive,0.0,1.848519819615962,0,3.697039639231924,0.3533075125666028,1.2881834973912094,0.7066150251332056,2.576366994782419,0.501606538466973,1.2980536625408918,1.003213076933946,2.5961073250817837,0.0,1.4253642786689664,0,2.850728557337933,8.468148148148064,0.43849860721334033,16.936296296296128,0.8769972144266807,5.623691637903215,0.3778893297243127,11.24738327580643,0.7557786594486254,0.0,23.487501030003493,0.0,46.975002060006986,4.5970458350353,0.044160756233823026,9.1940916700706,0.08832151246764605,0.0,0.7596435861725868,0,1.5192871723451735,0.31776235323108765,29.60738601137978,0.6355247064621753,59.21477202275956,0.0,0.9582095682250521,0,1.9164191364501042,0.0,3.881081048274893,0,7.762162096549786,0.6417970380121019,0.2668378034531053,1.2835940760242037,0.5336756069062106,0.0,2.193994710152503,0,4.387989420305006,3.925432305787787,0.0,7.850864611575574,0.0,0.0,0.0,0.0,0,0.0,0.37388232945159694,0,0.7477646589031939,0.1325771680458378,12.216536959116022,0.2651543360916756,24.433073918232044,0.0,0.00019732437324600314,0.0,0.0003946487464920063,3.9290397827423726,0.00853142890194275,7.858079565484745,0.0170628578038855,20.884760571177097,0.9754173498185013,41.76952114235419,1.9508346996370025,0.0,0.0,0,0,0.0,0.27153149254471665,0.0,0.5430629850894333,0.0,0.0,0,0,0.0,0.0121849992972443,0,0.0243699985944886,0.0,0.0,0,0,0.0,0.2747575267979853,0,0.5495150535959706,4.807701528132074,0.5472006579471206,9.615403056264148,1.0944013158942412,0.0,55.83248108384535,0,111.6649621676907,0.0,4.333126397199992,0.0,8.666252794399984,0.0,3.514956162077088,0,7.029912324154176,0.23016524046245074,0.04768891602748633,0.4603304809249015,0.09537783205497266,0.0,2.8474196468479005,0,5.694839293695801,0.33738913612753374,13.963334300343526,0.6747782722550675,27.92666860068705,0.0,0.0,0.0,0,0.13257716804583797,29.607386011379784,0.26515433609167594,59.21477202275957,0.0,1.7448048135419927,0.0,3.4896096270839854,0.695440534008197,0.0007129987353294583,1.390881068016394,0.0014259974706589166,0.0,3.158108188019548,0,6.316216376039096,0.0,0.001564563030537198,0.0,0.003129126061074396,0.3333333333333333,0.6666666666666666,0.0,-3.273718209149963e-13,0.33291274,0.499987,0.1664607,False,Q2: High Potency + High Toxicity (RISKY)
b1389,b1535,1.000000000000046,1.000000000000046,1.0,8.548717289613705e-14,1.000000000000092,additive,0.0,0.0,0,0.0,0.0,0.0,0.0,0.0,0.0,0.0,0.0,0.0,0.0,0.0,0,0.0,0.0,0.0,0.0,0.0,0.0,0.0,0.0,0.0,0.0,0.0,0.0,0.0,0.0,0.0,0.0,0.0,0.0,0.0,0,0.0,0.0,0.0,0.0,0.0,0.0,0.0,0,0.0,0.0,0.0,0,0.0,0.0,0.0,0.0,0.0,0.0,0.0,0,0.0,0.0,0.0,0.0,0.0,0.0,0.0,0.0,0,0.0,0.0,0,0.0,0.0,0.0,0.0,0.0,0.0,0.0,0.0,0.0,0.0,0.0,0.0,0.0,0.0,0.0,0.0,0.0,0.0,0.0,0,0,0.0,0.0,0.0,0.0,0.0,0.0,0,0,0.0,0.0,0,0.0,0.0,0.0,0,0,0.0,0.0,0,0.0,0.0,0.0,0.0,0.0,0.0,0.0,0,0.0,0.0,0.0,0.0,0.0,0.0,0.0,0,0.0,0.0,0.0,0.0,0.0,0.0,0.0,0,0.0,0.0,0.0,0.0,0.0,0.0,0.0,0.0,0,0.0,0.0,0.0,0.0,0.0,0.0,0.0,0.0,0.0,0.0,0.0,0.0,0.0,0.0,0,0.0,0.0,0.0,0.0,0.0,0.0,1.0,0.0,8.548717289613705e-14,0.010761679,0.49997592,0.005381099,False,Q4: Low Potency + High Toxicity (AVOID)
b1389,b2291,1.000000000000046,1.000000000000046,1.0,8.548717289613705e-14,1.000000000000092,additive,0.0,0.0,0,0.0,0.0,0.0,0.0,0.0,0.0,0.0,0.0,0.0,0.0,0.0,0,0.0,0.0,0.0,0.0,0.0,0.0,0.0,0.0,0.0,0.0,0.0,0.0,0.0,0.0,0.0,0.0,0.0,0.0,0.0,0,0.0,0.0,0.0,0.0,0.0,0.0,0.0,0,0.0,0.0,0.0,0,0.0,0.0,0.0,0.0,0.0,0.0,0.0,0,0.0,0.0,0.0,0.0,0.0,0.0,0.0,0.0,0,0.0,0.0,0,0.0,0.0,0.0,0.0,0.0,0.0,0.0,0.0,0.0,0.0,0.0,0.0,0.0,0.0,0.0,0.0,0.0,0.0,0.0,0,0,0.0,0.0,0.0,0.0,0.0,0.0,0,0,0.0,0.0,0,0.0,0.0,0.0,0,0,0.0,0.0,0,0.0,0.0,0.0,0.0,0.0,0.0,0.0,0,0.0,0.0,0.0,0.0,0.0,0.0,0.0,0,0.0,0.0,0.0,0.0,0.0,0.0,0.0,0,0.0,0.0,0.0,0.0,0.0,0.0,0.0,0.0,0,0.0,0.0,0.0,0.0,0.0,0.0,0.0,0.0,0.0,0.0,0.0,0.0,0.0,0.0,0,0.0,0.0,0.0,0.0,0.0,0.0,1.0,0.0,8.548717289613705e-14,0.010761679,0.49997592,0.005381099,False,Q4: Low Potency + High Toxicity (AVOID)
b1389,b2034,1.000000000000046,1.000000000000046,1.0,8.548717289613705e-14,1.000000000000092,additive,0.0,0.0,0,0.0,0.0,0.0,0.0,0.0,0.0,0.0,0.0,0.0,0.0,0.0,0,0.0,0.0,0.0,0.0,0.0,0.0,0.0,0.0,0.0,0.0,0.0,0.0,0.0,0.0,0.0,0.0,0.0,0.0,0.0,0,0.0,0.0,0.0,0.0,0.0,0.0,0.0,0,0.0,0.0,0.0,0,0.0,0.0,0.0,0.0,0.0,0.0,0.0,0,0.0,0.0,0.0,0.0,0.0,0.0,0.0,0.0,0,0.0,0.0,0,0.0,0.0,0.0,0.0,0.0,0.0,0.0,0.0,0.0,0.0,0.0,0.0,0.0,0.0,0.0,0.0,0.0,0.0,0.0,0,0,0.0,0.0,0.0,0.0,0.0,0.0,0,0,0.0,0.0,0,0.0,0.0,0.0,0,0,0.0,0.0,0,0.0,0.0,0.0,0.0,0.0,0.0,0.0,0,0.0,0.0,0.0,0.0,0.0,0.0,0.0,0,0.0,0.0,0.0,0.0,0.0,0.0,0.0,0,0.0,0.0,0.0,0.0,0.0,0.0,0.0,0.0,0,0.0,0.0,0.0,0.0,0.0,0.0,0.0,0.0,0.0,0.0,0.0,0.0,0.0,0.0,0,0.0,0.0,0.0,0.0,0.0,0.0,1.0,0.0,8.548717289613705e-14,0.010761679,0.49997592,0.005381099,False,Q4: Low Potency + High Toxicity (AVOID)
b1389,b1662,1.000000000000046,0.0,0.6666666666666667,1.4214608907993261e-28,0.0,additive,0.0,1.8485198196165165,0,3.697039639233033,0.5629521781711553,0.8959763111443754,1.1259043563423106,1.7919526222887507,1.381236168096389,1.298053662541319,2.762472336192778,2.596107325082638,0.0,1.4253642786694318,0,2.8507285573388637,34.90333333333338,0.4384986072134835,69.80666666666676,0.876997214426967,0.0,0.6801236177491147,0.0,1.3602472354982293,3.171306013008169,0.3867386450111665,6.342612026016338,0.773477290022333,5.099276530198965,0.9977803402880754,10.19855306039793,1.9955606805761508,0.0,0.7596435861728527,0,1.5192871723457053,2.435755081826052,11.602784157527909,4.871510163652104,23.205568315055817,0.0,0.9582095682252604,0,1.9164191364505208,0.0,2.4921921593847975,0,4.984384318769595,0.0,0.3657815061820572,0.0,0.7315630123641144,0.0,2.749550265707662,0,5.499100531415324,0.7610164432304014,4.926553357975745,1.5220328864608028,9.85310671595149,0.9722222222222158,0.0,1.9444444444444315,0,0.0,0.3738823294517189,0,0.7477646589034378,0.11448505164732034,4.87677618620314,0.22897010329464068,9.75355237240628,1.9442479970683997,8.76997214426967e-07,3.8884959941367994,1.753994428853934e-06,0.0,0.15356572023501963,0.0,0.30713144047003926,0.0,4.164730852723145,0.0,8.32946170544629,0.0,0.0,0,0,0.9718284504729379,0.27113772079552767,1.9436569009458757,0.5422754415910553,0.0,0.0,0,0,0.0,0.012184999297248277,0,0.024369998594496553,0.0,0.0,0,0,0.0,0.274757526798075,0,0.54951505359615,3.146873823723203,2.9604470276138537,6.293747647446406,5.920894055227707,0.0,0.10923351104573181,0,0.21846702209146363,1.3396231419944127,2.6171939836389333,2.6792462839888254,5.234387967277867,0.0,3.5149561620779304,0,7.029912324155861,0.0,0.5582644163058783,0.0,1.1165288326117566,0.0,2.847419646848831,0,5.694839293697662,2.3212700301787317,3.7481411203152697,4.642540060357463,7.496282240630539,0.12152777777777608,0.0,0.24305555555555217,0,2.314227304048276,11.602784157527912,4.628454608096552,23.205568315055825,8.289447755589425,0.3120303469098283,16.57889551117885,0.6240606938196566,0.0,0.231198390653308,0.0,0.462396781306616,0.0,3.158108188020586,0,6.316216376041172,0.9706576591916709,0.0,1.9413153183833418,0.0,0.3333333333333333,0.6666666666666666,0.0,1.4214608907993261e-28,0.33047712,0.49996877,0.16524889,False,Q1: High Potency + Low Toxicity (IDEAL)
b1389,b2131,1.000000000000046,1.0000000000000129,1.0,5.861977570020827e-14,1.0000000000000588,additive,0.0,0.0,0,0.0,0.0,0.0,0.0,0.0,0.0,0.0,0.0,0.0,0.0,0.0,0,0.0,0.0,0.0,0.0,0.0,0.0,0.0,0.0,0.0,0.0,0.0,0.0,0.0,0.0,0.0,0.0,0.0,0.0,0.0,0,0.0,0.0,0.0,0.0,0.0,0.0,0.0,0,0.0,0.0,0.0,0,0.0,0.0,0.0,0.0,0.0,0.0,0.0,0,0.0,0.0,0.0,0.0,0.0,0.0,0.0,0.0,0,0.0,0.0,0,0.0,0.0,0.0,0.0,0.0,0.0,0.0,0.0,0.0,0.0,0.0,0.0,0.0,0.0,0.0,0.0,0.0,0.0,0.0,0,0,0.0,0.0,0.0,0.0,0.0,0.0,0,0,0.0,0.0,0,0.0,0.0,0.0,0,0,0.0,0.0,0,0.0,0.0,0.0,0.0,0.0,0.0,0.0,0,0.0,0.0,0.0,0.0,0.0,0.0,0.0,0,0.0,0.0,0.0,0.0,0.0,0.0,0.0,0,0.0,0.0,0.0,0.0,0.0,0.0,0.0,0.0,0,0.0,0.0,0.0,0.0,0.0,0.0,0.0,0.0,0.0,0.0,0.0,0.0,0.0,0.0,0,0.0,0.0,0.0,0.0,0.0,0.0,1.0,0.0,5.861977570020827e-14,0.010761679,0.49997592,0.005381099,False,Q4: Low Potency + High Toxicity (AVOID)
b1389,b1727,1.000000000000046,1.0000000000000075,1.0,4.951594689828198e-14,1.0000000000000535,additive,0.0,0.0,0,0.0,0.0,0.0,0.0,0.0,0.0,0.0,0.0,0.0,0.0,0.0,0,0.0,0.0,0.0,0.0,0.0,0.0,0.0,0.0,0.0,0.0,0.0,0.0,0.0,0.0,0.0,0.0,0.0,0.0,0.0,0,0.0,0.0,0.0,0.0,0.0,0.0,0.0,0,0.0,0.0,0.0,0,0.0,0.0,0.0,0.0,0.0,0.0,0.0,0,0.0,0.0,0.0,0.0,0.0,0.0,0.0,0.0,0,0.0,0.0,0,0.0,0.0,0.0,0.0,0.0,0.0,0.0,0.0,0.0,0.0,0.0,0.0,0.0,0.0,0.0,0.0,0.0,0.0,0.0,0,0,0.0,0.0,0.0,0.0,0.0,0.0,0,0,0.0,0.0,0,0.0,0.0,0.0,0,0,0.0,0.0,0,0.0,0.0,0.0,0.0,0.0,0.0,0.0,0,0.0,0.0,0.0,0.0,0.0,0.0,0.0,0,0.0,0.0,0.0,0.0,0.0,0.0,0.0,0,0.0,0.0,0.0,0.0,0.0,0.0,0.0,0.0,0,0.0,0.0,0.0,0.0,0.0,0.0,0.0,0.0,0.0,0.0,0.0,0.0,0.0,0.0,0,0.0,0.0,0.0,0.0,0.0,0.0,1.0,0.0,4.951594689828198e-14,0.010761679,0.49997592,0.005381099,False,Q4: Low Potency + High Toxicity (AVOID)
b1389,b1812,1.000000000000046,-3.264403440784321e-13,0.6666666666666667,1.6316457973859794e-13,-3.264403440784471e-13,additive,0.0,1.848519819615962,0,3.697039639231924,0.3533075125666028,1.2881834973912094,0.7066150251332056,2.576366994782419,0.501606538466973,1.2980536625408918,1.003213076933946,2.5961073250817837,0.0,1.4253642786689664,0,2.850728557337933,8.468148148148064,0.43849860721334033,16.936296296296128,0.8769972144266807,5.623691637903215,0.3778893297243127,11.24738327580643,0.7557786594486254,0.0,23.487501030003493,0.0,46.975002060006986,4.5970458350353,0.044160756233823026,9.1940916700706,0.08832151246764605,0.0,0.7596435861725868,0,1.5192871723451735,0.31776235323108765,29.60738601137978,0.6355247064621753,59.21477202275956,0.0,0.9582095682250521,0,1.9164191364501042,0.0,3.881081048274893,0,7.762162096549786,0.6417970380121019,0.2668378034531053,1.2835940760242037,0.5336756069062106,0.0,2.193994710152503,0,4.387989420305006,3.925432305787787,0.0,7.850864611575574,0.0,0.0,0.0,0.0,0,0.0,0.37388232945159694,0,0.7477646589031939,0.1325771680458378,12.216536959116022,0.2651543360916756,24.433073918232044,0.0,0.00019732437324600314,0.0,0.0003946487464920063,3.9290397827423726,0.00853142890194275,7.858079565484745,0.0170628578038855,20.884760571177097,0.9754173498185013,41.76952114235419,1.9508346996370025,0.0,0.0,0,0,0.0,0.27153149254471665,0.0,0.5430629850894333,0.0,0.0,0,0,0.0,0.0121849992972443,0,0.0243699985944886,0.0,0.0,0,0,0.0,0.2747575267979853,0,0.5495150535959706,4.807701528132074,0.5472006579471206,9.615403056264148,1.0944013158942412,0.0,55.83248108384535,0,111.6649621676907,0.0,4.333126397199992,0.0,8.666252794399984,0.0,3.514956162077088,0,7.029912324154176,0.23016524046245074,0.04768891602748633,0.4603304809249015,0.09537783205497266,0.0,2.8474196468479005,0,5.694839293695801,0.33738913612753374,13.963334300343526,0.6747782722550675,27.92666860068705,0.0,0.0,0.0,0,0.13257716804583797,29.607386011379784,0.26515433609167594,59.21477202275957,0.0,1.7448048135419927,0.0,3.4896096270839854,0.695440534008197,0.0007129987353294583,1.390881068016394,0.0014259974706589166,0.0,3.158108188019548,0,6.316216376039096,0.0,0.001564563030537198,0.0,0.003129126061074396,0.3333333333333333,0.6666666666666666,0.0,1.6316457973859794e-13,0.33291274,0.499987,0.1664607,False,Q2: High Potency + High Toxicity (RISKY)
b1535,b2291,1.000000000000046,1.000000000000046,1.0,1.0158540675320182e-13,1.000000000000092,additive,0.0,0.0,0,0.0,0.0,0.0,0.0,0.0,0.0,0.0,0.0,0.0,0.0,0.0,0,0.0,0.0,0.0,0.0,0.0,0.0,0.0,0.0,0.0,0.0,0.0,0.0,0.0,0.0,0.0,0.0,0.0,0.0,0.0,0,0.0,0.0,0.0,0.0,0.0,0.0,0.0,0,0.0,0.0,0.0,0,0.0,0.0,0.0,0.0,0.0,0.0,0.0,0,0.0,0.0,0.0,0.0,0.0,0.0,0.0,0.0,0,0.0,0.0,0,0.0,0.0,0.0,0.0,0.0,0.0,0.0,0.0,0.0,0.0,0.0,0.0,0.0,0.0,0.0,0.0,0.0,0.0,0.0,0,0,0.0,0.0,0.0,0.0,0.0,0.0,0,0,0.0,0.0,0,0.0,0.0,0.0,0,0,0.0,0.0,0,0.0,0.0,0.0,0.0,0.0,0.0,0.0,0,0.0,0.0,0.0,0.0,0.0,0.0,0.0,0,0.0,0.0,0.0,0.0,0.0,0.0,0.0,0,0.0,0.0,0.0,0.0,0.0,0.0,0.0,0.0,0,0.0,0.0,0.0,0.0,0.0,0.0,0.0,0.0,0.0,0.0,0.0,0.0,0.0,0.0,0,0.0,0.0,0.0,0.0,0.0,0.0,1.0,0.0,1.0158540675320182e-13,0.010761679,0.49997592,0.005381099,False,Q4: Low Potency + High Toxicity (AVOID)
b1535,b2034,1.000000000000046,1.000000000000046,1.0,6.750155989720952e-14,1.000000000000092,additive,0.0,0.0,0,0.0,0.0,0.0,0.0,0.0,0.0,0.0,0.0,0.0,0.0,0.0,0,0.0,0.0,0.0,0.0,0.0,0.0,0.0,0.0,0.0,0.0,0.0,0.0,0.0,0.0,0.0,0.0,0.0,0.0,0.0,0,0.0,0.0,0.0,0.0,0.0,0.0,0.0,0,0.0,0.0,0.0,0,0.0,0.0,0.0,0.0,0.0,0.0,0.0,0,0.0,0.0,0.0,0.0,0.0,0.0,0.0,0.0,0,0.0,0.0,0,0.0,0.0,0.0,0.0,0.0,0.0,0.0,0.0,0.0,0.0,0.0,0.0,0.0,0.0,0.0,0.0,0.0,0.0,0.0,0,0,0.0,0.0,0.0,0.0,0.0,0.0,0,0,0.0,0.0,0,0.0,0.0,0.0,0,0,0.0,0.0,0,0.0,0.0,0.0,0.0,0.0,0.0,0.0,0,0.0,0.0,0.0,0.0,0.0,0.0,0.0,0,0.0,0.0,0.0,0.0,0.0,0.0,0.0,0,0.0,0.0,0.0,0.0,0.0,0.0,0.0,0.0,0,0.0,0.0,0.0,0.0,0.0,0.0,0.0,0.0,0.0,0.0,0.0,0.0,0.0,0.0,0,0.0,0.0,0.0,0.0,0.0,0.0,1.0,0.0,6.750155989720952e-14,0.010761679,0.49997592,0.005381099,False,Q4: Low Potency + High Toxicity (AVOID)
b1535,b1662,1.000000000000046,0.0,0.6666666666666667,-6.677650813575834e-29,0.0,additive,0.0,1.8485198196165165,0,3.697039639233033,0.5629521781711553,0.8959763111443754,1.1259043563423106,1.7919526222887507,1.381236168096389,1.298053662541319,2.762472336192778,2.596107325082638,0.0,1.4253642786694318,0,2.8507285573388637,34.90333333333338,0.4384986072134835,69.80666666666676,0.876997214426967,0.0,0.6801236177491147,0.0,1.3602472354982293,3.171306013008169,0.3867386450111665,6.342612026016338,0.773477290022333,5.099276530198965,0.9977803402880754,10.19855306039793,1.9955606805761508,0.0,0.7596435861728527,0,1.5192871723457053,2.435755081826052,11.602784157527909,4.871510163652104,23.205568315055817,0.0,0.9582095682252604,0,1.9164191364505208,0.0,2.4921921593847975,0,4.984384318769595,0.0,0.3657815061820572,0.0,0.7315630123641144,0.0,2.749550265707662,0,5.499100531415324,0.7610164432304014,4.926553357975745,1.5220328864608028,9.85310671595149,0.9722222222222158,0.0,1.9444444444444315,0,0.0,0.3738823294517189,0,0.7477646589034378,0.11448505164732034,4.87677618620314,0.22897010329464068,9.75355237240628,1.9442479970683997,8.76997214426967e-07,3.8884959941367994,1.753994428853934e-06,0.0,0.15356572023501963,0.0,0.30713144047003926,0.0,4.164730852723145,0.0,8.32946170544629,0.0,0.0,0,0,0.9718284504729379,0.27113772079552767,1.9436569009458757,0.5422754415910553,0.0,0.0,0,0,0.0,0.012184999297248277,0,0.024369998594496553,0.0,0.0,0,0,0.0,0.274757526798075,0,0.54951505359615,3.146873823723203,2.9604470276138537,6.293747647446406,5.920894055227707,0.0,0.10923351104573181,0,0.21846702209146363,1.3396231419944127,2.6171939836389333,2.6792462839888254,5.234387967277867,0.0,3.5149561620779304,0,7.029912324155861,0.0,0.5582644163058783,0.0,1.1165288326117566,0.0,2.847419646848831,0,5.694839293697662,2.3212700301787317,3.7481411203152697,4.642540060357463,7.496282240630539,0.12152777777777608,0.0,0.24305555555555217,0,2.314227304048276,11.602784157527912,4.628454608096552,23.205568315055825,8.289447755589425,0.3120303469098283,16.57889551117885,0.6240606938196566,0.0,0.231198390653308,0.0,0.462396781306616,0.0,3.158108188020586,0,6.316216376041172,0.9706576591916709,0.0,1.9413153183833418,0.0,0.3333333333333333,0.6666666666666666,0.0,-6.677650813575834e-29,0.33047712,0.49996877,0.16524889,False,Q1: High Potency + Low Toxicity (IDEAL)
b1535,b2131,1.000000000000046,1.0000000000000129,1.0,-1.2390088954816747e-13,1.0000000000000588,additive,0.0,0.0,0,0.0,0.0,0.0,0.0,0.0,0.0,0.0,0.0,0.0,0.0,0.0,0,0.0,0.0,0.0,0.0,0.0,0.0,0.0,0.0,0.0,0.0,0.0,0.0,0.0,0.0,0.0,0.0,0.0,0.0,0.0,0,0.0,0.0,0.0,0.0,0.0,0.0,0.0,0,0.0,0.0,0.0,0,0.0,0.0,0.0,0.0,0.0,0.0,0.0,0,0.0,0.0,0.0,0.0,0.0,0.0,0.0,0.0,0,0.0,0.0,0,0.0,0.0,0.0,0.0,0.0,0.0,0.0,0.0,0.0,0.0,0.0,0.0,0.0,0.0,0.0,0.0,0.0,0.0,0.0,0,0,0.0,0.0,0.0,0.0,0.0,0.0,0,0,0.0,0.0,0,0.0,0.0,0.0,0,0,0.0,0.0,0,0.0,0.0,0.0,0.0,0.0,0.0,0.0,0,0.0,0.0,0.0,0.0,0.0,0.0,0.0,0,0.0,0.0,0.0,0.0,0.0,0.0,0.0,0,0.0,0.0,0.0,0.0,0.0,0.0,0.0,0.0,0,0.0,0.0,0.0,0.0,0.0,0.0,0.0,0.0,0.0,0.0,0.0,0.0,0.0,0.0,0,0.0,0.0,0.0,0.0,0.0,0.0,1.0,0.0,-1.2390088954816747e-13,0.010761679,0.49997592,0.005381099,False,Q4: Low Potency + High Toxicity (AVOID)
b1535,b1727,1.000000000000046,1.0000000000000075,1.0,2.886579864025407e-14,1.0000000000000535,additive,0.0,0.0,0,0.0,0.0,0.0,0.0,0.0,0.0,0.0,0.0,0.0,0.0,0.0,0,0.0,0.0,0.0,0.0,0.0,0.0,0.0,0.0,0.0,0.0,0.0,0.0,0.0,0.0,0.0,0.0,0.0,0.0,0.0,0,0.0,0.0,0.0,0.0,0.0,0.0,0.0,0,0.0,0.0,0.0,0,0.0,0.0,0.0,0.0,0.0,0.0,0.0,0,0.0,0.0,0.0,0.0,0.0,0.0,0.0,0.0,0,0.0,0.0,0,0.0,0.0,0.0,0.0,0.0,0.0,0.0,0.0,0.0,0.0,0.0,0.0,0.0,0.0,0.0,0.0,0.0,0.0,0.0,0,0,0.0,0.0,0.0,0.0,0.0,0.0,0,0,0.0,0.0,0,0.0,0.0,0.0,0,0,0.0,0.0,0,0.0,0.0,0.0,0.0,0.0,0.0,0.0,0,0.0,0.0,0.0,0.0,0.0,0.0,0.0,0,0.0,0.0,0.0,0.0,0.0,0.0,0.0,0,0.0,0.0,0.0,0.0,0.0,0.0,0.0,0.0,0,0.0,0.0,0.0,0.0,0.0,0.0,0.0,0.0,0.0,0.0,0.0,0.0,0.0,0.0,0,0.0,0.0,0.0,0.0,0.0,0.0,1.0,0.0,2.886579864025407e-14,0.010761679,0.49997592,0.005381099,False,Q4: Low Potency + High Toxicity (AVOID)
b1535,b1812,1.000000000000046,-3.264403440784321e-13,0.6666666666666667,-2.0608073422658177e-12,-3.264403440784471e-13,additive,0.0,1.848519819615962,0,3.697039639231924,0.3533075125666028,1.2881834973912094,0.7066150251332056,2.576366994782419,0.501606538466973,1.2980536625408918,1.003213076933946,2.5961073250817837,0.0,1.4253642786689664,0,2.850728557337933,8.468148148148064,0.43849860721334033,16.936296296296128,0.8769972144266807,5.623691637903215,0.3778893297243127,11.24738327580643,0.7557786594486254,0.0,23.487501030003493,0.0,46.975002060006986,4.5970458350353,0.044160756233823026,9.1940916700706,0.08832151246764605,0.0,0.7596435861725868,0,1.5192871723451735,0.31776235323108765,29.60738601137978,0.6355247064621753,59.21477202275956,0.0,0.9582095682250521,0,1.9164191364501042,0.0,3.881081048274893,0,7.762162096549786,0.6417970380121019,0.2668378034531053,1.2835940760242037,0.5336756069062106,0.0,2.193994710152503,0,4.387989420305006,3.925432305787787,0.0,7.850864611575574,0.0,0.0,0.0,0.0,0,0.0,0.37388232945159694,0,0.7477646589031939,0.1325771680458378,12.216536959116022,0.2651543360916756,24.433073918232044,0.0,0.00019732437324600314,0.0,0.0003946487464920063,3.9290397827423726,0.00853142890194275,7.858079565484745,0.0170628578038855,20.884760571177097,0.9754173498185013,41.76952114235419,1.9508346996370025,0.0,0.0,0,0,0.0,0.27153149254471665,0.0,0.5430629850894333,0.0,0.0,0,0,0.0,0.0121849992972443,0,0.0243699985944886,0.0,0.0,0,0,0.0,0.2747575267979853,0,0.5495150535959706,4.807701528132074,0.5472006579471206,9.615403056264148,1.0944013158942412,0.0,55.83248108384535,0,111.6649621676907,0.0,4.333126397199992,0.0,8.666252794399984,0.0,3.514956162077088,0,7.029912324154176,0.23016524046245074,0.04768891602748633,0.4603304809249015,0.09537783205497266,0.0,2.8474196468479005,0,5.694839293695801,0.33738913612753374,13.963334300343526,0.6747782722550675,27.92666860068705,0.0,0.0,0.0,0,0.13257716804583797,29.607386011379784,0.26515433609167594,59.21477202275957,0.0,1.7448048135419927,0.0,3.4896096270839854,0.695440534008197,0.0007129987353294583,1.390881068016394,0.0014259974706589166,0.0,3.158108188019548,0,6.316216376039096,0.0,0.001564563030537198,0.0,0.003129126061074396,0.3333333333333333,0.6666666666666666,0.0,-2.0608073422658177e-12,0.33291274,0.499987,0.1664607,False,Q2: High Potency + High Toxicity (RISKY)
b2034,b2131,1.000000000000046,1.0000000000000129,1.0,-1.8274270985330077e-13,1.0000000000000588,additive,0.0,0.0,0,0.0,0.0,0.0,0.0,0.0,0.0,0.0,0.0,0.0,0.0,0.0,0,0.0,0.0,0.0,0.0,0.0,0.0,0.0,0.0,0.0,0.0,0.0,0.0,0.0,0.0,0.0,0.0,0.0,0.0,0.0,0,0.0,0.0,0.0,0.0,0.0,0.0,0.0,0,0.0,0.0,0.0,0,0.0,0.0,0.0,0.0,0.0,0.0,0.0,0,0.0,0.0,0.0,0.0,0.0,0.0,0.0,0.0,0,0.0,0.0,0,0.0,0.0,0.0,0.0,0.0,0.0,0.0,0.0,0.0,0.0,0.0,0.0,0.0,0.0,0.0,0.0,0.0,0.0,0.0,0,0,0.0,0.0,0.0,0.0,0.0,0.0,0,0,0.0,0.0,0,0.0,0.0,0.0,0,0,0.0,0.0,0,0.0,0.0,0.0,0.0,0.0,0.0,0.0,0,0.0,0.0,0.0,0.0,0.0,0.0,0.0,0,0.0,0.0,0.0,0.0,0.0,0.0,0.0,0,0.0,0.0,0.0,0.0,0.0,0.0,0.0,0.0,0,0.0,0.0,0.0,0.0,0.0,0.0,0.0,0.0,0.0,0.0,0.0,0.0,0.0,0.0,0,0.0,0.0,0.0,0.0,0.0,0.0,1.0,0.0,-1.8274270985330077e-13,0.010761679,0.49997592,0.005381099,False,Q4: Low Potency + High Toxicity (AVOID)
accA,b1662,-1.920079291692405e-15,0.0,0.4444444444444444,4.780590063185437e-16,-0.0,additive,0.0,3.6970396392330507,0,3.5083047578154947e-14,1.1259043563423021,1.7919526222887705,1.687538997430238e-14,3.930189507173054e-14,2.7624723361928627,2.596107325082638,1.7008616737257398e-13,0.0,0.0,2.850728557338861,0,5.329070518200751e-15,69.80666666666677,0.8769972144269662,2.842170943040401e-14,1.6653345369377348e-15,0.0,1.3602472354982287,0.0,1.5543122344752192e-15,6.34261202601624,0.7734772900223756,1.971756091734278e-13,8.526512829121202e-14,10.198553060398014,1.99556068057616,1.6697754290362354e-13,1.84297022087776e-14,0.0,1.5192871723457053,0,0.0,4.871510163652108,23.205568315055725,7.105427357601002e-15,1.8474111129762605e-13,0.0,1.9164191364505554,0,6.927791673660977e-14,0.0,4.984384318769623,0,5.5067062021407764e-14,0.0,0.7315630123641138,0.0,1.1102230246251565e-15,0.0,5.499100531415369,0,8.970602038971265e-14,1.5220328864607806,9.853106715951458,4.440892098500626e-14,6.572520305780927e-14,1.9444444444444404,0.0,1.7763568394002505e-14,0,0.0,0.7477646589034372,0,1.2212453270876722e-15,0.22897010329464318,9.753552372406105,5.023759186428833e-15,3.481659405224491e-13,3.8884959941368176,1.7539944288539322e-06,3.6415315207705135e-14,3.3881317890172014e-21,0.0,0.30713144047003904,0.0,4.996003610813204e-16,0.0,8.329461705446285,0.0,1.2434497875801753e-14,0.0,0.0,0,0,1.9436569009458848,0.5422754415910553,1.84297022087776e-14,1.1102230246251565e-16,0.0,0.0,0,0,0.0,0.024369998594496532,0,4.163336342344337e-17,0.0,0.0,0,0,0.0,0.5495150535961495,0,1.1102230246251565e-15,6.293747647446436,5.920894055227712,5.950795411990839e-14,8.881784197001252e-15,0.0,0.2184670220914663,0,5.3013149425851225e-15,2.6792462839888107,5.234387967277776,2.930988785010413e-14,1.8207657603852567e-13,0.0,7.02991232415596,0,1.9806378759312793e-13,0.0,1.116528832611756,0.0,1.3322676295501878e-15,0.0,5.694839293697656,0,1.0658141036401503e-14,4.642540060357464,7.496282240630742,1.7763568394002505e-15,4.050093593832571e-13,0.2430555555555547,0.0,5.079270337660091e-15,0,4.628454608096553,23.20556831505573,1.7763568394002505e-15,1.8829382497642655e-13,16.57889551117894,0.6240606938196559,1.7763568394002505e-13,1.3322676295501878e-15,0.0,0.4623967813066263,0.0,2.070565940925917e-14,0.0,6.316216376041167,0,1.1546319456101628e-14,1.9413153183833618,0.0,3.9745984281580604e-14,0.0,0.5555555555555556,0.4444444444444444,0.0,4.780590063185437e-16,0.5576581,0.49996597,0.27884802,True,Q1: High Potency + Low Toxicity (IDEAL)
accA,b2131,-1.920079291692405e-15,1.0000000000000129,0.6666666666666667,-1.92007929169243e-15,-1.92007929169243e-15,additive,0.0,1.848519819616534,0,3.697039639233068,0.5629521781711468,0.895976311144395,1.1259043563422937,1.79195262228879,1.381236168096474,1.298053662541319,2.762472336192948,2.596107325082638,0.0,1.4253642786694292,0,2.8507285573388583,34.90333333333339,0.43849860721348266,69.80666666666679,0.8769972144269653,0.0,0.6801236177491139,0.0,1.3602472354982278,3.1713060130080706,0.38673864501120914,6.342612026016141,0.7734772900224183,5.099276530199049,0.9977803402880846,10.198553060398098,1.9955606805761692,0.0,0.7596435861728527,0,1.5192871723457053,2.4357550818260556,11.602784157527816,4.871510163652111,23.205568315055633,0.0,0.958209568225295,0,1.91641913645059,0.0,2.492192159384825,0,4.98438431876965,0.0,0.3657815061820566,0.0,0.7315630123641133,0.0,2.7495502657077067,0,5.499100531415413,0.7610164432303792,4.926553357975712,1.5220328864607584,9.853106715951425,0.9722222222222247,0.0,1.9444444444444493,0,0.0,0.3738823294517183,0,0.7477646589034366,0.11448505164732285,4.8767761862029655,0.2289701032946457,9.753552372405931,1.9442479970684179,8.769972144269653e-07,3.8884959941368358,1.7539944288539305e-06,0.0,0.15356572023501938,0.0,0.30713144047003876,0.0,4.164730852723139,0.0,8.329461705446278,0.0,0.0,0,0,0.9718284504729471,0.2711377207955276,1.9436569009458942,0.5422754415910552,0.0,0.0,0,0,0.0,0.012184999297248256,0,0.02436999859449651,0.0,0.0,0,0,0.0,0.27475752679807447,0,0.5495150535961489,3.1468738237232325,2.960447027613858,6.293747647446465,5.920894055227716,0.0,0.10923351104573446,0,0.21846702209146893,1.339623141994398,2.6171939836388423,2.679246283988796,5.2343879672776845,0.0,3.5149561620780294,0,7.029912324156059,0.0,0.5582644163058776,0.0,1.1165288326117553,0.0,2.8474196468488255,0,5.694839293697651,2.3212700301787326,3.748141120315472,4.642540060357465,7.496282240630944,0.12152777777777862,0.0,0.24305555555555725,0,2.314227304048277,11.602784157527818,4.628454608096554,23.205568315055636,8.289447755589514,0.3120303469098276,16.578895511179027,0.6240606938196552,0.0,0.23119839065331835,0.0,0.4623967813066367,0.0,3.1581081880205804,0,6.316216376041161,0.9706576591916908,0.0,1.9413153183833816,0.0,0.3333333333333333,0.6666666666666666,0.0,-1.92007929169243e-15,0.33047712,0.49996877,0.16524889,False,Q1: High Potency + Low Toxicity (IDEAL)
accA,b0871,-1.920079291692405e-15,1.0000000000000087,0.6666666666666667,-1.9200792916924218e-15,-1.9200792916924218e-15,additive,0.0,1.848519819616534,0,3.697039639233068,0.5629521781711468,0.895976311144395,1.1259043563422937,1.79195262228879,1.381236168096474,1.298053662541319,2.762472336192948,2.596107325082638,0.0,1.4253642786694292,0,2.8507285573388583,34.90333333333339,0.43849860721348266,69.80666666666679,0.8769972144269653,0.0,0.6801236177491139,0.0,1.3602472354982278,3.1713060130080706,0.38673864501120914,6.342612026016141,0.7734772900224183,5.099276530199049,0.9977803402880846,10.198553060398098,1.9955606805761692,0.0,0.7596435861728527,0,1.5192871723457053,2.4357550818260556,11.602784157527816,4.871510163652111,23.205568315055633,0.0,0.958209568225295,0,1.91641913645059,0.0,2.492192159384825,0,4.98438431876965,0.0,0.3657815061820566,0.0,0.7315630123641133,0.0,2.7495502657077067,0,5.499100531415413,0.7610164432303792,4.926553357975712,1.5220328864607584,9.853106715951425,0.9722222222222247,0.0,1.9444444444444493,0,0.0,0.3738823294517183,0,0.7477646589034366,0.11448505164732285,4.8767761862029655,0.2289701032946457,9.753552372405931,1.9442479970684179,8.769972144269653e-07,3.8884959941368358,1.7539944288539305e-06,0.0,0.15356572023501938,0.0,0.30713144047003876,0.0,4.164730852723139,0.0,8.329461705446278,0.0,0.0,0,0,0.9718284504729471,0.2711377207955276,1.9436569009458942,0.5422754415910552,0.0,0.0,0,0,0.0,0.012184999297248256,0,0.02436999859449651,0.0,0.0,0,0,0.0,0.27475752679807447,0,0.5495150535961489,3.1468738237232325,2.960447027613858,6.293747647446465,5.920894055227716,0.0,0.10923351104573446,0,0.21846702209146893,1.339623141994398,2.6171939836388423,2.679246283988796,5.2343879672776845,0.0,3.5149561620780294,0,7.029912324156059,0.0,0.5582644163058776,0.0,1.1165288326117553,0.0,2.8474196468488255,0,5.694839293697651,2.3212700301787326,3.748141120315472,4.642540060357465,7.496282240630944,0.12152777777777862,0.0,0.24305555555555725,0,2.314227304048277,11.602784157527818,4.628454608096554,23.205568315055636,8.289447755589514,0.3120303469098276,16.578895511179027,0.6240606938196552,0.0,0.23119839065331835,0.0,0.4623967813066367,0.0,3.1581081880205804,0,6.316216376041161,0.9706576591916908,0.0,1.9413153183833816,0.0,0.3333333333333333,0.6666666666666666,0.0,-1.9200792916924218e-15,0.33047712,0.49996877,0.16524889,False,Q1: High Potency + Low Toxicity (IDEAL)
accA,b0131,-1.920079291692405e-15,4.778476765827585e-12,0.4444444444444444,-9.175054283898844e-27,-9.175054283898844e-27,additive,0.0,3.6970396392239535,0,1.822897388592537e-11,0.9232478109314299,2.184159808529378,0.4053130908217275,0.7844143724811752,1.9212773676362125,2.5961073250764213,1.682389937113471,1.2433609697382053e-11,0.0,2.85072855733205,0,1.361710744163247e-11,41.56767295597764,0.8769972144248708,56.47798742137828,4.189093516515641e-12,4.980784579874063,1.058012947471744,9.961569159748127,0.6044685760529679,3.1713060130080706,25.327768675553152,6.342612026016141,49.108582771061464,9.989823413425185,1.0419410965216875,0.4174592939458268,1.9072391681089633,0.0,1.5192871723420844,0,7.241984789629896e-12,2.7674936754466897,42.41736793252738,4.208032976410843,38.423599234943495,0.0,1.9164191364454002,0,1.0379919146430439e-11,0.0,6.3627910273459936,0,2.756813417152687,0.6557732783997934,0.6326193096339736,1.3115465567995868,0.19788740546027916,0.0,4.933062795555326,0,1.1320754717201753,4.641025967729704,4.926553357975712,6.237986162537892,9.853106715951425,0.9722222222222247,0.0,1.9444444444444493,0,0.0,0.7477646589016507,0,3.571920537126516e-12,0.2575443999859107,17.587722649087684,0.057148593382530005,15.668340553363507,1.9442479970684179,0.00019820137045955158,3.8884959941368358,0.0003928947520613953,4.005909104872638,0.1620971491369242,8.011818209745275,0.29006858266622915,21.228638199433945,4.652439527630218,42.45727639886789,7.35404435563212,0.0,0.0,0,0,0.9718284504729471,0.542669213339035,1.9436569009458942,0.0007875434959595529,0.0,0.0,0,0,0.0,0.024369998594438308,0,1.1640688413194766e-13,0.0,0.0,0,0,0.0,0.5495150535948363,0,2.625233364028645e-12,7.91614069075619,3.5076476855583825,3.24478608661945,4.826492739338668,0.0,59.597374971877066,0,118.75781589957118,1.339623141994398,6.929356020241052,2.679246283988796,3.3899361059267337,0.0,7.029912324137488,0,3.714184515501984e-11,0.24414148085224613,0.6059533323331516,0.48828296170449226,1.0211510005572073,0.0,5.6948392936840495,0,2.7203128638575436e-11,2.665647286500028,18.43474586082135,3.9537855477148742,21.876927240380812,0.12152777777777862,0.0,0.24305555555555725,0,2.457286652386865,42.417367932527384,4.3423359114193785,38.423599234943495,8.289447755589514,2.056835160444053,16.578895511179027,2.865548933248796,0.5242315892114322,0.23191138938863992,1.0484631784228644,0.46097078383599355,0.0,6.316216376026079,0,3.016253913301625e-11,0.9706576591916908,0.0015645630305302324,1.9413153183833816,0.0031291260610604647,0.5555555555555556,0.4444444444444444,0.0,-9.175054283898844e-27,0.54847676,0.4999746,0.2742523,False,Q1: High Potency + Low Toxicity (IDEAL)
accA,b1727,-1.920079291692405e-15,1.0000000000000075,0.6666666666666667,-1.9200792916924198e-15,-1.9200792916924198e-15,additive,0.0,1.848519819616534,0,3.697039639233068,0.5629521781711468,0.895976311144395,1.1259043563422937,1.79195262228879,1.381236168096474,1.298053662541319,2.762472336192948,2.596107325082638,0.0,1.4253642786694292,0,2.8507285573388583,34.90333333333339,0.43849860721348266,69.80666666666679,0.8769972144269653,0.0,0.6801236177491139,0.0,1.3602472354982278,3.1713060130080706,0.38673864501120914,6.342612026016141,0.7734772900224183,5.099276530199049,0.9977803402880846,10.198553060398098,1.9955606805761692,0.0,0.7596435861728527,0,1.5192871723457053,2.4357550818260556,11.602784157527816,4.871510163652111,23.205568315055633,0.0,0.958209568225295,0,1.91641913645059,0.0,2.492192159384825,0,4.98438431876965,0.0,0.3657815061820566,0.0,0.7315630123641133,0.0,2.7495502657077067,0,5.499100531415413,0.7610164432303792,4.926553357975712,1.5220328864607584,9.853106715951425,0.9722222222222247,0.0,1.9444444444444493,0,0.0,0.3738823294517183,0,0.7477646589034366,0.11448505164732285,4.8767761862029655,0.2289701032946457,9.753552372405931,1.9442479970684179,8.769972144269653e-07,3.8884959941368358,1.7539944288539305e-06,0.0,0.15356572023501938,0.0,0.30713144047003876,0.0,4.164730852723139,0.0,8.329461705446278,0.0,0.0,0,0,0.9718284504729471,0.2711377207955276,1.9436569009458942,0.5422754415910552,0.0,0.0,0,0,0.0,0.012184999297248256,0,0.02436999859449651,0.0,0.0,0,0,0.0,0.27475752679807447,0,0.5495150535961489,3.1468738237232325,2.960447027613858,6.293747647446465,5.920894055227716,0.0,0.10923351104573446,0,0.21846702209146893,1.339623141994398,2.6171939836388423,2.679246283988796,5.2343879672776845,0.0,3.5149561620780294,0,7.029912324156059,0.0,0.5582644163058776,0.0,1.1165288326117553,0.0,2.8474196468488255,0,5.694839293697651,2.3212700301787326,3.748141120315472,4.642540060357465,7.496282240630944,0.12152777777777862,0.0,0.24305555555555725,0,2.314227304048277,11.602784157527818,4.628454608096554,23.205568315055636,8.289447755589514,0.3120303469098276,16.578895511179027,0.6240606938196552,0.0,0.23119839065331835,0.0,0.4623967813066367,0.0,3.1581081880205804,0,6.316216376041161,0.9706576591916908,0.0,1.9413153183833816,0.0,0.3333333333333333,0.6666666666666666,0.0,-1.9200792916924198e-15,0.33047712,0.49996877,0.16524889,False,Q1: High Potency + Low Toxicity (IDEAL)
accA,b0638,-1.920079291692405e-15,1.0000000000000095,0.6666666666666667,-1.9200792916924233e-15,-1.9200792916924233e-15,additive,0.0,1.848519819616534,0,3.697039639233068,0.5629521781711468,0.895976311144395,1.1259043563422937,1.79195262228879,1.381236168096474,1.298053662541319,2.762472336192948,2.596107325082638,0.0,1.4253642786694292,0,2.8507285573388583,34.90333333333339,0.43849860721348266,69.80666666666679,0.8769972144269653,0.0,0.6801236177491139,0.0,1.3602472354982278,3.1713060130080706,0.38673864501120914,6.342612026016141,0.7734772900224183,5.099276530199049,0.9977803402880846,10.198553060398098,1.9955606805761692,0.0,0.7596435861728527,0,1.5192871723457053,2.4357550818260556,11.602784157527816,4.871510163652111,23.205568315055633,0.0,0.958209568225295,0,1.91641913645059,0.0,2.492192159384825,0,4.98438431876965,0.0,0.3657815061820566,0.0,0.7315630123641133,0.0,2.7495502657077067,0,5.499100531415413,0.7610164432303792,4.926553357975712,1.5220328864607584,9.853106715951425,0.9722222222222247,0.0,1.9444444444444493,0,0.0,0.3738823294517183,0,0.7477646589034366,0.11448505164732285,4.8767761862029655,0.2289701032946457,9.753552372405931,1.9442479970684179,8.769972144269653e-07,3.8884959941368358,1.7539944288539305e-06,0.0,0.15356572023501938,0.0,0.30713144047003876,0.0,4.164730852723139,0.0,8.329461705446278,0.0,0.0,0,0,0.9718284504729471,0.2711377207955276,1.9436569009458942,0.5422754415910552,0.0,0.0,0,0,0.0,0.012184999297248256,0,0.02436999859449651,0.0,0.0,0,0,0.0,0.27475752679807447,0,0.5495150535961489,3.1468738237232325,2.960447027613858,6.293747647446465,5.920894055227716,0.0,0.10923351104573446,0,0.21846702209146893,1.339623141994398,2.6171939836388423,2.679246283988796,5.2343879672776845,0.0,3.5149561620780294,0,7.029912324156059,0.0,0.5582644163058776,0.0,1.1165288326117553,0.0,2.8474196468488255,0,5.694839293697651,2.3212700301787326,3.748141120315472,4.642540060357465,7.496282240630944,0.12152777777777862,0.0,0.24305555555555725,0,2.314227304048277,11.602784157527818,4.628454608096554,23.205568315055636,8.289447755589514,0.3120303469098276,16.578895511179027,0.6240606938196552,0.0,0.23119839065331835,0.0,0.4623967813066367,0.0,3.1581081880205804,0,6.316216376041161,0.9706576591916908,0.0,1.9413153183833816,0.0,0.3333333333333333,0.6666666666666666,0.0,-1.9200792916924233e-15,0.33047712,0.49996877,0.16524889,False,Q1: High Potency + Low Toxicity (IDEAL)
accA,b1812,-1.920079291692405e-15,-3.264403440784321e-13,0.4444444444444444,6.26791344637941e-28,6.26791344637941e-28,additive,0.0,3.697039639232496,0,1.1439738045737613e-12,0.9162596907377496,2.1841598085356044,0.41928933120908807,0.7844143724936288,1.882842706563447,2.596107325082211,1.759259259259002,8.544276397515205e-13,0.0,2.8507285573383956,0,9.254819133275305e-13,43.37148148148145,0.876997214426823,52.87037037037066,2.8466118351389014e-13,5.623691637903215,1.0580129474734266,11.24738327580643,0.6044685760496024,3.1713060130080706,23.874239675014703,6.342612026016141,46.201524769984566,9.696322365234348,1.0419410965219076,1.0044613903274975,1.9072391681085232,0.0,1.5192871723454395,0,5.3179682879545e-13,2.753517435057143,41.210170168907595,4.235985457189936,36.00920370770393,0.0,1.9164191364503471,0,4.858335955759685e-13,0.0,6.373273207659718,0,2.777777777780136,0.6417970380121019,0.632619309635162,1.2835940760242037,0.19788740545790262,0.0,4.94354497586021,0,1.1111111111104073,4.686448749018166,4.926553357975712,6.328831725114815,9.853106715951425,0.9722222222222247,0.0,1.9444444444444493,0,0.0,0.7477646589033152,0,2.426947531830592e-13,0.24706221969316067,17.093313145318987,0.0361842327970299,14.679521545826113,1.9442479970684179,0.0001982013704604301,3.8884959941368358,0.00039289475206315234,3.9290397827423726,0.16209714913696213,7.858079565484745,0.29006858266615326,20.884760571177097,5.14014820254164,41.76952114235419,6.378627005809275,0.0,0.0,0,0,0.9718284504729471,0.5426692133402442,1.9436569009458942,0.0007875434983780627,0.0,0.0,0,0,0.0,0.024369998594492556,0,7.91033905045424e-15,0.0,0.0,0,0,0.0,0.5495150535960598,0,1.7830181775480014e-13,7.954575351855306,3.5076476855609786,3.3216554088176826,4.826492739333475,0.0,55.94171459489109,0,111.44649514559923,1.339623141994398,6.950320380838834,2.679246283988796,3.4318648271222996,0.0,7.029912324155117,0,1.8829382497642655e-12,0.23016524046245074,0.605953332333364,0.4603304809249015,1.0211510005567825,0.0,5.694839293696726,0,1.850075648235361e-12,2.658659166306266,17.711475420659,3.967761788102398,20.430386360056108,0.12152777777777862,0.0,0.24305555555555725,0,2.446804472094115,41.2101701689076,4.363300272004878,36.00920370770393,8.289447755589514,2.0568351604518202,16.578895511179027,2.8655489332643302,0.695440534008197,0.2319113893886478,1.390881068016394,0.4609707838359778,0.0,6.316216376040128,0,2.065014825802791e-12,0.9706576591916908,0.001564563030537198,1.9413153183833816,0.003129126061074396,0.5555555555555556,0.4444444444444444,0.0,6.26791344637941e-28,0.548387,0.49997574,0.2742068,False,Q1: High Potency + Low Toxicity (IDEAL)
accA,b0222,-1.920079291692405e-15,1.0000000000000133,0.6666666666666667,-1.920079291692431e-15,-1.920079291692431e-15,additive,0.0,1.848519819616534,0,3.697039639233068,0.5629521781711468,0.895976311144395,1.1259043563422937,1.79195262228879,1.381236168096474,1.298053662541319,2.762472336192948,2.596107325082638,0.0,1.4253642786694292,0,2.8507285573388583,34.90333333333339,0.43849860721348266,69.80666666666679,0.8769972144269653,0.0,0.6801236177491139,0.0,1.3602472354982278,3.1713060130080706,0.38673864501120914,6.342612026016141,0.7734772900224183,5.099276530199049,0.9977803402880846,10.198553060398098,1.9955606805761692,0.0,0.7596435861728527,0,1.5192871723457053,2.4357550818260556,11.602784157527816,4.871510163652111,23.205568315055633,0.0,0.958209568225295,0,1.91641913645059,0.0,2.492192159384825,0,4.98438431876965,0.0,0.3657815061820566,0.0,0.7315630123641133,0.0,2.7495502657077067,0,5.499100531415413,0.7610164432303792,4.926553357975712,1.5220328864607584,9.853106715951425,0.9722222222222247,0.0,1.9444444444444493,0,0.0,0.3738823294517183,0,0.7477646589034366,0.11448505164732285,4.8767761862029655,0.2289701032946457,9.753552372405931,1.9442479970684179,8.769972144269653e-07,3.8884959941368358,1.7539944288539305e-06,0.0,0.15356572023501938,0.0,0.30713144047003876,0.0,4.164730852723139,0.0,8.329461705446278,0.0,0.0,0,0,0.9718284504729471,0.2711377207955276,1.9436569009458942,0.5422754415910552,0.0,0.0,0,0,0.0,0.012184999297248256,0,0.02436999859449651,0.0,0.0,0,0,0.0,0.27475752679807447,0,0.5495150535961489,3.1468738237232325,2.960447027613858,6.293747647446465,5.920894055227716,0.0,0.10923351104573446,0,0.21846702209146893,1.339623141994398,2.6171939836388423,2.679246283988796,5.2343879672776845,0.0,3.5149561620780294,0,7.029912324156059,0.0,0.5582644163058776,0.0,1.1165288326117553,0.0,2.8474196468488255,0,5.694839293697651,2.3212700301787326,3.748141120315472,4.642540060357465,7.496282240630944,0.12152777777777862,0.0,0.24305555555555725,0,2.314227304048277,11.602784157527818,4.628454608096554,23.205568315055636,8.289447755589514,0.3120303469098276,16.578895511179027,0.6240606938196552,0.0,0.23119839065331835,0.0,0.4623967813066367,0.0,3.1581081880205804,0,6.316216376041161,0.9706576591916908,0.0,1.9413153183833816,0.0,0.3333333333333333,0.6666666666666666,0.0,-1.920079291692431e-15,0.33047712,0.49996877,0.16524889,False,Q1: High Potency + Low Toxicity (IDEAL)
b1662,b2131,0.0,1.0000000000000129,0.6666666666666667,1.2725625523326267e-28,0.0,additive,0.0,1.8485198196165165,0,3.697039639233033,0.5629521781711553,0.8959763111443754,1.1259043563423106,1.7919526222887507,1.381236168096389,1.298053662541319,2.762472336192778,2.596107325082638,0.0,1.4253642786694318,0,2.8507285573388637,34.90333333333338,0.4384986072134835,69.80666666666676,0.876997214426967,0.0,0.6801236177491147,0.0,1.3602472354982293,3.171306013008169,0.3867386450111665,6.342612026016338,0.773477290022333,5.099276530198965,0.9977803402880754,10.19855306039793,1.9955606805761508,0.0,0.7596435861728527,0,1.5192871723457053,2.435755081826052,11.602784157527909,4.871510163652104,23.205568315055817,0.0,0.9582095682252604,0,1.9164191364505208,0.0,2.4921921593847975,0,4.984384318769595,0.0,0.3657815061820572,0.0,0.7315630123641144,0.0,2.749550265707662,0,5.499100531415324,0.7610164432304014,4.926553357975745,1.5220328864608028,9.85310671595149,0.9722222222222158,0.0,1.9444444444444315,0,0.0,0.3738823294517189,0,0.7477646589034378,0.11448505164732034,4.87677618620314,0.22897010329464068,9.75355237240628,1.9442479970683997,8.76997214426967e-07,3.8884959941367994,1.753994428853934e-06,0.0,0.15356572023501963,0.0,0.30713144047003926,0.0,4.164730852723145,0.0,8.32946170544629,0.0,0.0,0,0,0.9718284504729379,0.27113772079552767,1.9436569009458757,0.5422754415910553,0.0,0.0,0,0,0.0,0.012184999297248277,0,0.024369998594496553,0.0,0.0,0,0,0.0,0.274757526798075,0,0.54951505359615,3.146873823723203,2.9604470276138537,6.293747647446406,5.920894055227707,0.0,0.10923351104573181,0,0.21846702209146363,1.3396231419944127,2.6171939836389333,2.6792462839888254,5.234387967277867,0.0,3.5149561620779304,0,7.029912324155861,0.0,0.5582644163058783,0.0,1.1165288326117566,0.0,2.847419646848831,0,5.694839293697662,2.3212700301787317,3.7481411203152697,4.642540060357463,7.496282240630539,0.12152777777777608,0.0,0.24305555555555217,0,2.314227304048276,11.602784157527912,4.628454608096552,23.205568315055825,8.289447755589425,0.3120303469098283,16.57889551117885,0.6240606938196566,0.0,0.231198390653308,0.0,0.462396781306616,0.0,3.158108188020586,0,6.316216376041172,0.9706576591916709,0.0,1.9413153183833418,0.0,0.3333333333333333,0.6666666666666666,0.0,1.2725625523326267e-28,0.33047712,0.49996877,0.16524889,False,Q1: High Potency + Low Toxicity (IDEAL)
b1662,b1727,0.0,1.0000000000000075,0.6666666666666667,0.0,0.0,additive,0.0,1.8485198196165165,0,3.697039639233033,0.5629521781711553,0.8959763111443754,1.1259043563423106,1.7919526222887507,1.381236168096389,1.298053662541319,2.762472336192778,2.596107325082638,0.0,1.4253642786694318,0,2.8507285573388637,34.90333333333338,0.4384986072134835,69.80666666666676,0.876997214426967,0.0,0.6801236177491147,0.0,1.3602472354982293,3.171306013008169,0.3867386450111665,6.342612026016338,0.773477290022333,5.099276530198965,0.9977803402880754,10.19855306039793,1.9955606805761508,0.0,0.7596435861728527,0,1.5192871723457053,2.435755081826052,11.602784157527909,4.871510163652104,23.205568315055817,0.0,0.9582095682252604,0,1.9164191364505208,0.0,2.4921921593847975,0,4.984384318769595,0.0,0.3657815061820572,0.0,0.7315630123641144,0.0,2.749550265707662,0,5.499100531415324,0.7610164432304014,4.926553357975745,1.5220328864608028,9.85310671595149,0.9722222222222158,0.0,1.9444444444444315,0,0.0,0.3738823294517189,0,0.7477646589034378,0.11448505164732034,4.87677618620314,0.22897010329464068,9.75355237240628,1.9442479970683997,8.76997214426967e-07,3.8884959941367994,1.753994428853934e-06,0.0,0.15356572023501963,0.0,0.30713144047003926,0.0,4.164730852723145,0.0,8.32946170544629,0.0,0.0,0,0,0.9718284504729379,0.27113772079552767,1.9436569009458757,0.5422754415910553,0.0,0.0,0,0,0.0,0.012184999297248277,0,0.024369998594496553,0.0,0.0,0,0,0.0,0.274757526798075,0,0.54951505359615,3.146873823723203,2.9604470276138537,6.293747647446406,5.920894055227707,0.0,0.10923351104573181,0,0.21846702209146363,1.3396231419944127,2.6171939836389333,2.6792462839888254,5.234387967277867,0.0,3.5149561620779304,0,7.029912324155861,0.0,0.5582644163058783,0.0,1.1165288326117566,0.0,2.847419646848831,0,5.694839293697662,2.3212700301787317,3.7481411203152697,4.642540060357463,7.496282240630539,0.12152777777777608,0.0,0.24305555555555217,0,2.314227304048276,11.602784157527912,4.628454608096552,23.205568315055825,8.289447755589425,0.3120303469098283,16.57889551117885,0.6240606938196566,0.0,0.231198390653308,0.0,0.462396781306616,0.0,3.158108188020586,0,6.316216376041172,0.9706576591916709,0.0,1.9413153183833418,0.0,0.3333333333333333,0.6666666666666666,0.0,0.0,0.33047712,0.49996877,0.16524889,False,Q1: High Potency + Low Toxicity (IDEAL)
b1662,b1812,0.0,-3.264403440784321e-13,0.4444444444444444,-0.0,-0.0,additive,0.0,3.6970396392324787,0,1.1088907569956064e-12,0.916259690737758,2.184159808535585,0.41928933120910494,0.7844143724936681,1.882842706563362,2.596107325082211,1.7592592592588319,8.544276397515205e-13,0.0,2.8507285573383983,0,9.308109838457312e-13,43.37148148148144,0.8769972144268239,52.87037037037063,2.8632651805082787e-13,5.623691637903215,1.0580129474734274,11.24738327580643,0.6044685760496039,3.171306013008169,23.87423967501466,6.342612026016338,46.20152476998465,9.696322365234266,1.0419410965218985,1.0044613903273305,1.9072391681085048,0.0,1.5192871723454395,0,5.3179682879545e-13,2.7535174350571396,41.21017016890769,4.235985457189929,36.00920370770375,0.0,1.9164191364503125,0,4.1655567883935873e-13,0.0,6.3732732076596905,0,2.777777777780191,0.6417970380121019,0.6326193096351624,1.2835940760242037,0.19788740545790373,0.0,4.943544975860165,0,1.1111111111103176,4.686448749018188,4.926553357975745,6.328831725114771,9.85310671595149,0.9722222222222158,0.0,1.9444444444444315,0,0.0,0.7477646589033158,0,2.439159985101469e-13,0.24706221969315814,17.09331314531916,0.03618423279703492,14.679521545825764,1.9442479970683997,0.0001982013704604301,3.8884959941367994,0.00039289475206315234,3.9290397827423726,0.16209714913696238,7.858079565484745,0.29006858266615376,20.884760571177097,5.1401482025416465,41.76952114235419,6.378627005809287,0.0,0.0,0,0,0.9718284504729379,0.5426692133402443,1.9436569009458757,0.0007875434983779517,0.0,0.0,0,0,0.0,0.024369998594492577,0,7.951972413877684e-15,0.0,0.0,0,0,0.0,0.5495150535960603,0,1.794120407794253e-13,7.954575351855277,3.507647685560974,3.321655408817742,4.8264927393334665,0.0,55.94171459489108,0,111.44649514559924,1.3396231419944127,6.950320380838925,2.6792462839888254,3.4318648271221175,0.0,7.029912324155019,0,1.6848744621711376e-12,0.23016524046245074,0.6059533323333647,0.4603304809249015,1.0211510005567839,0.0,5.694839293696731,0,1.8607337892717624e-12,2.6586591663062653,17.711475420658797,3.967761788102396,20.430386360056513,0.12152777777777608,0.0,0.24305555555555217,0,2.4468044720941142,41.210170168907695,4.363300272004876,36.00920370770375,8.289447755589425,2.056835160451821,16.57889551117885,2.865548933264329,0.695440534008197,0.23191138938863745,1.390881068016394,0.4609707838359571,0.0,6.316216376040134,0,2.0765611452588928e-12,0.9706576591916709,0.001564563030537198,1.9413153183833418,0.003129126061074396,0.5555555555555556,0.4444444444444444,0.0,-0.0,0.548387,0.49997574,0.2742068,False,Q1: High Potency + Low Toxicity (IDEAL)
b0871,b1727,1.0000000000000087,1.0000000000000075,1.0,-1.2212453270876722e-14,1.0000000000000162,additive,0.0,0.0,0,0.0,0.0,0.0,0.0,0.0,0.0,0.0,0.0,0.0,0.0,0.0,0,0.0,0.0,0.0,0.0,0.0,0.0,0.0,0.0,0.0,0.0,0.0,0.0,0.0,0.0,0.0,0.0,0.0,0.0,0.0,0,0.0,0.0,0.0,0.0,0.0,0.0,0.0,0,0.0,0.0,0.0,0,0.0,0.0,0.0,0.0,0.0,0.0,0.0,0,0.0,0.0,0.0,0.0,0.0,0.0,0.0,0.0,0,0.0,0.0,0,0.0,0.0,0.0,0.0,0.0,0.0,0.0,0.0,0.0,0.0,0.0,0.0,0.0,0.0,0.0,0.0,0.0,0.0,0.0,0,0,0.0,0.0,0.0,0.0,0.0,0.0,0,0,0.0,0.0,0,0.0,0.0,0.0,0,0,0.0,0.0,0,0.0,0.0,0.0,0.0,0.0,0.0,0.0,0,0.0,0.0,0.0,0.0,0.0,0.0,0.0,0,0.0,0.0,0.0,0.0,0.0,0.0,0.0,0,0.0,0.0,0.0,0.0,0.0,0.0,0.0,0.0,0,0.0,0.0,0.0,0.0,0.0,0.0,0.0,0.0,0.0,0.0,0.0,0.0,0.0,0.0,0,0.0,0.0,0.0,0.0,0.0,0.0,1.0,0.0,-1.2212453270876722e-14,0.010761679,0.49997592,0.005381099,False,Q4: Low Potency + High Toxicity (AVOID)
b0871,b1812,1.0000000000000087,-3.264403440784321e-13,0.6666666666666667,-2.4509232937037287e-13,-3.2644034407843495e-13,additive,0.0,1.848519819615962,0,3.697039639231924,0.3533075125666028,1.2881834973912094,0.7066150251332056,2.576366994782419,0.501606538466973,1.2980536625408918,1.003213076933946,2.5961073250817837,0.0,1.4253642786689664,0,2.850728557337933,8.468148148148064,0.43849860721334033,16.936296296296128,0.8769972144266807,5.623691637903215,0.3778893297243127,11.24738327580643,0.7557786594486254,0.0,23.487501030003493,0.0,46.975002060006986,4.5970458350353,0.044160756233823026,9.1940916700706,0.08832151246764605,0.0,0.7596435861725868,0,1.5192871723451735,0.31776235323108765,29.60738601137978,0.6355247064621753,59.21477202275956,0.0,0.9582095682250521,0,1.9164191364501042,0.0,3.881081048274893,0,7.762162096549786,0.6417970380121019,0.2668378034531053,1.2835940760242037,0.5336756069062106,0.0,2.193994710152503,0,4.387989420305006,3.925432305787787,0.0,7.850864611575574,0.0,0.0,0.0,0.0,0,0.0,0.37388232945159694,0,0.7477646589031939,0.1325771680458378,12.216536959116022,0.2651543360916756,24.433073918232044,0.0,0.00019732437324600314,0.0,0.0003946487464920063,3.9290397827423726,0.00853142890194275,7.858079565484745,0.0170628578038855,20.884760571177097,0.9754173498185013,41.76952114235419,1.9508346996370025,0.0,0.0,0,0,0.0,0.27153149254471665,0.0,0.5430629850894333,0.0,0.0,0,0,0.0,0.0121849992972443,0,0.0243699985944886,0.0,0.0,0,0,0.0,0.2747575267979853,0,0.5495150535959706,4.807701528132074,0.5472006579471206,9.615403056264148,1.0944013158942412,0.0,55.83248108384535,0,111.6649621676907,0.0,4.333126397199992,0.0,8.666252794399984,0.0,3.514956162077088,0,7.029912324154176,0.23016524046245074,0.04768891602748633,0.4603304809249015,0.09537783205497266,0.0,2.8474196468479005,0,5.694839293695801,0.33738913612753374,13.963334300343526,0.6747782722550675,27.92666860068705,0.0,0.0,0.0,0,0.13257716804583797,29.607386011379784,0.26515433609167594,59.21477202275957,0.0,1.7448048135419927,0.0,3.4896096270839854,0.695440534008197,0.0007129987353294583,1.390881068016394,0.0014259974706589166,0.0,3.158108188019548,0,6.316216376039096,0.0,0.001564563030537198,0.0,0.003129126061074396,0.3333333333333333,0.6666666666666666,0.0,-2.4509232937037287e-13,0.33291274,0.499987,0.1664607,False,Q2: High Potency + High Toxicity (RISKY)
b0131,b1727,4.778476765827585e-12,1.0000000000000075,0.6666666666666667,-3.799155167335262e-13,4.778476765827621e-12,additive,0.0,1.8485198196074195,0,3.697039639214839,0.3602956327602831,1.2881834973849826,0.7205912655205662,2.5763669947699652,0.5400411995397385,1.2980536625351022,1.080082399079477,2.5961073250702045,0.0,1.4253642786626206,0,2.850728557325241,6.664339622644253,0.4384986072113881,13.328679245288505,0.8769972144227762,4.980784579874063,0.37788932972262995,9.961569159748127,0.7557786594452599,0.0,24.941030030541942,0.0,49.882060061083884,4.890546883226135,0.04416075623360295,9.78109376645227,0.0883215124672059,0.0,0.7596435861692317,0,1.5192871723384633,0.3317385936206342,30.814583774999562,0.6634771872412684,61.629167549999124,0.0,0.9582095682201051,0,1.9164191364402101,0.0,3.8705988679611685,0,7.741197735922337,0.6557732783997934,0.26683780345191704,1.3115465567995868,0.5336756069038341,0.0,2.183512529847619,0,4.367025059695238,3.880009524499325,0.0,7.76001904899865,0.0,0.0,0.0,0.0,0,0.0,0.3738823294499323,0,0.7477646588998647,0.14305934833858786,12.710946462884719,0.2861186966771757,25.421892925769438,0.0,0.0001973243732451246,0.0,0.0003946487464902492,4.005909104872638,0.008531428901904803,8.011818209745275,0.017062857803809606,21.228638199433945,0.4877086749070787,42.45727639886789,0.9754173498141574,0.0,0.0,0,0,0.0,0.2715314925435074,0.0,0.5430629850870148,0.0,0.0,0,0,0.0,0.012184999297190052,0,0.024369998594380105,0.0,0.0,0,0,0.0,0.27475752679676185,0,0.5495150535935237,4.769266867032957,0.5472006579445243,9.538533734065915,1.0944013158890487,0.0,59.48814146083133,0,118.97628292166266,0.0,4.312162036602209,0.0,8.624324073204418,0.0,3.5149561620594585,0,7.029912324118917,0.24414148085224613,0.04768891602727402,0.48828296170449226,0.09537783205454804,0.0,2.847419646835224,0,5.694839293670448,0.34437725632129534,14.686604740505878,0.6887545126425907,29.373209481011756,0.0,0.0,0.0,0,0.1430593483385879,30.814583774999566,0.2861186966771758,61.62916754999913,0.0,1.7448048135342256,0.0,3.489609627068451,0.5242315892114322,0.0007129987353215628,1.0484631784228644,0.0014259974706431256,0.0,3.158108188005499,0,6.316216376010998,0.0,0.0015645630305302324,0.0,0.0031291260610604647,0.3333333333333333,0.6666666666666666,0.0,-3.799155167335262e-13,0.33965167,0.49998617,0.16983053,False,Q2: High Potency + High Toxicity (RISKY)
b0131,b0638,4.778476765827585e-12,1.0000000000000095,0.6666666666666667,4.77847676582763e-12,4.77847676582763e-12,additive,0.0,1.8485198196074195,0,3.697039639214839,0.3602956327602831,1.2881834973849826,0.7205912655205662,2.5763669947699652,0.5400411995397385,1.2980536625351022,1.080082399079477,2.5961073250702045,0.0,1.4253642786626206,0,2.850728557325241,6.664339622644253,0.4384986072113881,13.328679245288505,0.8769972144227762,4.980784579874063,0.37788932972262995,9.961569159748127,0.7557786594452599,0.0,24.941030030541942,0.0,49.882060061083884,4.890546883226135,0.04416075623360295,9.78109376645227,0.0883215124672059,0.0,0.7596435861692317,0,1.5192871723384633,0.3317385936206342,30.814583774999562,0.6634771872412684,61.629167549999124,0.0,0.9582095682201051,0,1.9164191364402101,0.0,3.8705988679611685,0,7.741197735922337,0.6557732783997934,0.26683780345191704,1.3115465567995868,0.5336756069038341,0.0,2.183512529847619,0,4.367025059695238,3.880009524499325,0.0,7.76001904899865,0.0,0.0,0.0,0.0,0,0.0,0.3738823294499323,0,0.7477646588998647,0.14305934833858786,12.710946462884719,0.2861186966771757,25.421892925769438,0.0,0.0001973243732451246,0.0,0.0003946487464902492,4.005909104872638,0.008531428901904803,8.011818209745275,0.017062857803809606,21.228638199433945,0.4877086749070787,42.45727639886789,0.9754173498141574,0.0,0.0,0,0,0.0,0.2715314925435074,0.0,0.5430629850870148,0.0,0.0,0,0,0.0,0.012184999297190052,0,0.024369998594380105,0.0,0.0,0,0,0.0,0.27475752679676185,0,0.5495150535935237,4.769266867032957,0.5472006579445243,9.538533734065915,1.0944013158890487,0.0,59.48814146083133,0,118.97628292166266,0.0,4.312162036602209,0.0,8.624324073204418,0.0,3.5149561620594585,0,7.029912324118917,0.24414148085224613,0.04768891602727402,0.48828296170449226,0.09537783205454804,0.0,2.847419646835224,0,5.694839293670448,0.34437725632129534,14.686604740505878,0.6887545126425907,29.373209481011756,0.0,0.0,0.0,0,0.1430593483385879,30.814583774999566,0.2861186966771758,61.62916754999913,0.0,1.7448048135342256,0.0,3.489609627068451,0.5242315892114322,0.0007129987353215628,1.0484631784228644,0.0014259974706431256,0.0,3.158108188005499,0,6.316216376010998,0.0,0.0015645630305302324,0.0,0.0031291260610604647,0.3333333333333333,0.6666666666666666,0.0,4.77847676582763e-12,0.33965167,0.49998617,0.16983053,False,Q2: High Potency + High Toxicity (RISKY)
b0131,b1812,4.778476765827585e-12,-3.264403440784321e-13,0.4444444444444444,-1.5598875996075503e-24,-1.5598875996075503e-24,additive,0.0,3.6970396392233815,0,1.708500008135161e-11,0.7136031453268858,2.5763669947761922,0.013976240387360561,1.2453593711825306e-11,1.0416477380067115,2.596107325075994,0.076869322145531,1.1579182057630533e-11,0.0,2.8507285573315873,0,1.269162552830494e-11,15.132487770792316,0.8769972144247284,3.6076170510076224,3.9044323330017505e-12,10.604476217777279,0.7557786594469427,1.2858141160583028,3.3655300768486995e-12,0.0,48.42853106054544,0.0,2.907058001076898,9.487592718261435,0.08832151246742598,0.5870020963816707,4.401479181126433e-13,0.0,1.5192871723418184,0,6.710187960834446e-12,0.6495009468517219,60.42196978637934,0.02795248077909307,2.414395527239563,0.0,1.9164191364451573,0,9.89408555085447e-12,0.0,7.7516799162360615,0,0.020964360627448997,1.2975703164118952,0.5336756069050224,0.027952480775383037,2.37654340651261e-12,0.0,4.3775072400001225,0,0.02096436060976803,7.805441830287112,0.0,0.09084556257692356,0.0,0.0,0.0,0.0,0,0.0,0.7477646589015292,0,3.329225783943457e-12,0.27563651638442566,24.92748342200074,0.020964360585500108,0.9888190075373942,0.0,0.00039464874649112775,0.0,1.7570580407300085e-15,7.93494888761501,0.017062857803847552,0.15373864426052997,7.589415207398531e-14,42.11339877061104,1.46312602472558,0.6877552565136966,0.9754173498228451,0.0,0.0,0,0,0.0,0.543062985088224,0.0,2.418509836843441e-12,0.0,0.0,0,0,0.0,0.024369998594434353,0,1.0849654508149342e-13,0.0,0.0,0,0,0.0,0.5495150535947472,0,2.446931546273845e-12,9.576968395165032,1.0944013158916448,0.07686932219823284,5.192513086171857e-12,0.0,115.32062254467668,0,7.311320753971955,0.0,8.6452884338022,0.0,0.0419287211955659,0.0,7.029912324136546,0,3.525890690525557e-11,0.47430672131469687,0.09537783205476036,0.027952480779590783,4.2461867355569893e-13,0.0,5.694839293683124,0,2.5353052990340075e-11,0.6817663924488291,28.649939040849404,0.013976240387523209,1.4465408803247044,0.0,0.0,0.0,0,0.2756365163844259,60.42196978637935,0.020964360585499886,2.414395527239563,0.0,3.4896096270762182,0.0,1.553424056055519e-11,1.2196721232196293,0.0014259974706510212,0.3424178895935297,1.5790970961382378e-14,0.0,6.3162163760250465,0,2.8097524307213462e-11,0.0,0.00312912606106743,0.0,1.3931130554700744e-14,0.5555555555555556,0.4444444444444444,0.0,-1.5598875996075503e-24,0.55065316,0.500035,0.27530733,False,Q2: High Potency + High Toxicity (RISKY)
b0131,b0222,4.778476765827585e-12,1.0000000000000133,0.6666666666666667,4.7784767658276484e-12,4.7784767658276484e-12,additive,0.0,1.8485198196074195,0,3.697039639214839,0.3602956327602831,1.2881834973849826,0.7205912655205662,2.5763669947699652,0.5400411995397385,1.2980536625351022,1.080082399079477,2.5961073250702045,0.0,1.4253642786626206,0,2.850728557325241,6.664339622644253,0.4384986072113881,13.328679245288505,0.8769972144227762,4.980784579874063,0.37788932972262995,9.961569159748127,0.7557786594452599,0.0,24.941030030541942,0.0,49.882060061083884,4.890546883226135,0.04416075623360295,9.78109376645227,0.0883215124672059,0.0,0.7596435861692317,0,1.5192871723384633,0.3317385936206342,30.814583774999562,0.6634771872412684,61.629167549999124,0.0,0.9582095682201051,0,1.9164191364402101,0.0,3.8705988679611685,0,7.741197735922337,0.6557732783997934,0.26683780345191704,1.3115465567995868,0.5336756069038341,0.0,2.183512529847619,0,4.367025059695238,3.880009524499325,0.0,7.76001904899865,0.0,0.0,0.0,0.0,0,0.0,0.3738823294499323,0,0.7477646588998647,0.14305934833858786,12.710946462884719,0.2861186966771757,25.421892925769438,0.0,0.0001973243732451246,0.0,0.0003946487464902492,4.005909104872638,0.008531428901904803,8.011818209745275,0.017062857803809606,21.228638199433945,0.4877086749070787,42.45727639886789,0.9754173498141574,0.0,0.0,0,0,0.0,0.2715314925435074,0.0,0.5430629850870148,0.0,0.0,0,0,0.0,0.012184999297190052,0,0.024369998594380105,0.0,0.0,0,0,0.0,0.27475752679676185,0,0.5495150535935237,4.769266867032957,0.5472006579445243,9.538533734065915,1.0944013158890487,0.0,59.48814146083133,0,118.97628292166266,0.0,4.312162036602209,0.0,8.624324073204418,0.0,3.5149561620594585,0,7.029912324118917,0.24414148085224613,0.04768891602727402,0.48828296170449226,0.09537783205454804,0.0,2.847419646835224,0,5.694839293670448,0.34437725632129534,14.686604740505878,0.6887545126425907,29.373209481011756,0.0,0.0,0.0,0,0.1430593483385879,30.814583774999566,0.2861186966771758,61.62916754999913,0.0,1.7448048135342256,0.0,3.489609627068451,0.5242315892114322,0.0007129987353215628,1.0484631784228644,0.0014259974706431256,0.0,3.158108188005499,0,6.316216376010998,0.0,0.0015645630305302324,0.0,0.0031291260610604647,0.3333333333333333,0.6666666666666666,0.0,4.7784767658276484e-12,0.33965167,0.49998617,0.16983053,False,Q2: High Potency + High Toxicity (RISKY)
b1727,b1812,1.0000000000000075,-3.264403440784321e-13,0.6666666666666667,-2.450923293703725e-13,-3.264403440784346e-13,additive,0.0,1.848519819615962,0,3.697039639231924,0.3533075125666028,1.2881834973912094,0.7066150251332056,2.576366994782419,0.501606538466973,1.2980536625408918,1.003213076933946,2.5961073250817837,0.0,1.4253642786689664,0,2.850728557337933,8.468148148148064,0.43849860721334033,16.936296296296128,0.8769972144266807,5.623691637903215,0.3778893297243127,11.24738327580643,0.7557786594486254,0.0,23.487501030003493,0.0,46.975002060006986,4.5970458350353,0.044160756233823026,9.1940916700706,0.08832151246764605,0.0,0.7596435861725868,0,1.5192871723451735,0.31776235323108765,29.60738601137978,0.6355247064621753,59.21477202275956,0.0,0.9582095682250521,0,1.9164191364501042,0.0,3.881081048274893,0,7.762162096549786,0.6417970380121019,0.2668378034531053,1.2835940760242037,0.5336756069062106,0.0,2.193994710152503,0,4.387989420305006,3.925432305787787,0.0,7.850864611575574,0.0,0.0,0.0,0.0,0,0.0,0.37388232945159694,0,0.7477646589031939,0.1325771680458378,12.216536959116022,0.2651543360916756,24.433073918232044,0.0,0.00019732437324600314,0.0,0.0003946487464920063,3.9290397827423726,0.00853142890194275,7.858079565484745,0.0170628578038855,20.884760571177097,0.9754173498185013,41.76952114235419,1.9508346996370025,0.0,0.0,0,0,0.0,0.27153149254471665,0.0,0.5430629850894333,0.0,0.0,0,0,0.0,0.0121849992972443,0,0.0243699985944886,0.0,0.0,0,0,0.0,0.2747575267979853,0,0.5495150535959706,4.807701528132074,0.5472006579471206,9.615403056264148,1.0944013158942412,0.0,55.83248108384535,0,111.6649621676907,0.0,4.333126397199992,0.0,8.666252794399984,0.0,3.514956162077088,0,7.029912324154176,0.23016524046245074,0.04768891602748633,0.4603304809249015,0.09537783205497266,0.0,2.8474196468479005,0,5.694839293695801,0.33738913612753374,13.963334300343526,0.6747782722550675,27.92666860068705,0.0,0.0,0.0,0,0.13257716804583797,29.607386011379784,0.26515433609167594,59.21477202275957,0.0,1.7448048135419927,0.0,3.4896096270839854,0.695440534008197,0.0007129987353294583,1.390881068016394,0.0014259974706589166,0.0,3.158108188019548,0,6.316216376039096,0.0,0.001564563030537198,0.0,0.003129126061074396,0.3333333333333333,0.6666666666666666,0.0,-2.450923293703725e-13,0.33291274,0.499987,0.1664607,False,Q2: High Potency + High Toxicity (RISKY)
b0638,b1812,1.0000000000000095,-3.264403440784321e-13,0.6666666666666667,-2.4509232937037317e-13,-3.2644034407843525e-13,additive,0.0,1.848519819615962,0,3.697039639231924,0.3533075125666028,1.2881834973912094,0.7066150251332056,2.576366994782419,0.501606538466973,1.2980536625408918,1.003213076933946,2.5961073250817837,0.0,1.4253642786689664,0,2.850728557337933,8.468148148148064,0.43849860721334033,16.936296296296128,0.8769972144266807,5.623691637903215,0.3778893297243127,11.24738327580643,0.7557786594486254,0.0,23.487501030003493,0.0,46.975002060006986,4.5970458350353,0.044160756233823026,9.1940916700706,0.08832151246764605,0.0,0.7596435861725868,0,1.5192871723451735,0.31776235323108765,29.60738601137978,0.6355247064621753,59.21477202275956,0.0,0.9582095682250521,0,1.9164191364501042,0.0,3.881081048274893,0,7.762162096549786,0.6417970380121019,0.2668378034531053,1.2835940760242037,0.5336756069062106,0.0,2.193994710152503,0,4.387989420305006,3.925432305787787,0.0,7.850864611575574,0.0,0.0,0.0,0.0,0,0.0,0.37388232945159694,0,0.7477646589031939,0.1325771680458378,12.216536959116022,0.2651543360916756,24.433073918232044,0.0,0.00019732437324600314,0.0,0.0003946487464920063,3.9290397827423726,0.00853142890194275,7.858079565484745,0.0170628578038855,20.884760571177097,0.9754173498185013,41.76952114235419,1.9508346996370025,0.0,0.0,0,0,0.0,0.27153149254471665,0.0,0.5430629850894333,0.0,0.0,0,0,0.0,0.0121849992972443,0,0.0243699985944886,0.0,0.0,0,0,0.0,0.2747575267979853,0,0.5495150535959706,4.807701528132074,0.5472006579471206,9.615403056264148,1.0944013158942412,0.0,55.83248108384535,0,111.6649621676907,0.0,4.333126397199992,0.0,8.666252794399984,0.0,3.514956162077088,0,7.029912324154176,0.23016524046245074,0.04768891602748633,0.4603304809249015,0.09537783205497266,0.0,2.8474196468479005,0,5.694839293695801,0.33738913612753374,13.963334300343526,0.6747782722550675,27.92666860068705,0.0,0.0,0.0,0,0.13257716804583797,29.607386011379784,0.26515433609167594,59.21477202275957,0.0,1.7448048135419927,0.0,3.4896096270839854,0.695440534008197,0.0007129987353294583,1.390881068016394,0.0014259974706589166,0.0,3.158108188019548,0,6.316216376039096,0.0,0.001564563030537198,0.0,0.003129126061074396,0.3333333333333333,0.6666666666666666,0.0,-2.4509232937037317e-13,0.33291274,0.499987,0.1664607,False,Q2: High Potency + High Toxicity (RISKY)
