gene_a,gene_b,inhibition_a,inhibition_b,growth_a,growth_b,growth_combo,bliss_expected,bliss_score,potency,computed_toxicity
accA,b0131,0.5,0.5,1.0,1.0,1.0,1.0,-0.0,-0.0,0.1495
accA,b0131,0.5,0.7,1.0,1.0,1.0,1.0,-0.0,-0.0,0.1495
accA,b0131,0.5,1.0,1.0,0.0,0.0,0.0,-0.0,1.0,0.1495
accA,b0131,0.7,0.5,1.0,1.0,1.0,1.0,-0.0,-0.0,0.1495
accA,b0131,0.7,0.7,1.0,1.0,1.0,1.0,-0.0,-0.0,0.1495
accA,b0131,0.7,1.0,1.0,0.0,-0.0,0.0,0.0,1.0,0.1495
accA,b0131,1.0,0.5,-0.0,1.0,-0.0,-0.0,0.0,1.0,0.1495
accA,b0131,1.0,0.7,-0.0,1.0,0.0,-0.0,-0.0,1.0,0.1495
accA,b0131,1.0,1.0,-0.0,0.0,0.0,-0.0,-0.0,1.0,0.1495
accA,b0222,0.5,0.5,1.0,1.0,1.0,1.0,0.0,0.0,0.1495
accA,b0222,0.5,0.7,1.0,1.0,1.0,1.0,-0.0,-0.0,0.1495
accA,b0222,0.5,1.0,1.0,1.0,1.0,1.0,-0.0,-0.0,0.1495
accA,b0222,0.7,0.5,1.0,1.0,1.0,1.0,-0.0,-0.0,0.1495
accA,b0222,0.7,0.7,1.0,1.0,1.0,1.0,-0.0,-0.0,0.1495
accA,b0222,0.7,1.0,1.0,1.0,1.0,1.0,-0.0,-0.0,0.1495
accA,b0222,1.0,0.5,-0.0,1.0,0.0,-0.0,-0.0,1.0,0.1495
accA,b0222,1.0,0.7,-0.0,1.0,0.0,-0.0,-0.0,1.0,0.1495
accA,b0222,1.0,1.0,-0.0,1.0,0.0,-0.0,-0.0,1.0,0.1495
accA,b0638,0.5,0.5,1.0,1.0,1.0,1.0,-0.0,-0.0,0.1495
accA,b0638,0.5,0.7,1.0,1.0,1.0,1.0,-0.0,-0.0,0.1495
accA,b0638,0.5,1.0,1.0,1.0,1.0,1.0,-0.0,-0.0,0.1495
accA,b0638,0.7,0.5,1.0,1.0,1.0,1.0,-0.0,-0.0,0.1495
accA,b0638,0.7,0.7,1.0,1.0,1.0,1.0,-0.0,-0.0,0.1495
accA,b0638,0.7,1.0,1.0,1.0,1.0,1.0,-0.0,-0.0,0.1495
accA,b0638,1.0,0.5,-0.0,1.0,0.0,-0.0,-0.0,1.0,0.1495
accA,b0638,1.0,0.7,-0.0,1.0,0.0,-0.0,-0.0,1.0,0.1495
accA,b0638,1.0,1.0,-0.0,1.0,0.0,-0.0,-0.0,1.0,0.1495
accA,b0871,0.5,0.5,1.0,1.0,1.0,1.0,-0.0,-0.0,0.5493
accA,b0871,0.5,0.7,1.0,1.0,1.0,1.0,-0.0,-0.0,0.5493
accA,b0871,0.5,1.0,1.0,1.0,1.0,1.0,-0.0,-0.0,0.5493
accA,b0871,0.7,0.5,1.0,1.0,1.0,1.0,-0.0,-0.0,0.5493
accA,b0871,0.7,0.7,1.0,1.0,1.0,1.0,-0.0,-0.0,0.5493
accA,b0871,0.7,1.0,1.0,1.0,1.0,1.0,-0.0,-0.0,0.5493
accA,b0871,1.0,0.5,-0.0,1.0,-0.0,-0.0,0.0,1.0,0.5493
accA,b0871,1.0,0.7,-0.0,1.0,0.0,-0.0,-0.0,1.0,0.5493
accA,b0871,1.0,1.0,-0.0,1.0,0.0,-0.0,-0.0,1.0,0.5493
accA,b1389,0.5,0.5,1.0,1.0,1.0,1.0,0.0,0.0,0.1495
accA,b1389,0.5,0.7,1.0,1.0,1.0,1.0,-0.0,-0.0,0.1495
accA,b1389,0.5,1.0,1.0,1.0,1.0,1.0,-0.0,-0.0,0.1495
accA,b1389,0.7,0.5,1.0,1.0,1.0,1.0,-0.0,-0.0,0.1495
accA,b1389,0.7,0.7,1.0,1.0,1.0,1.0,-0.0,-0.0,0.1495
accA,b1389,0.7,1.0,1.0,1.0,1.0,1.0,-0.0,-0.0,0.1495
accA,b1389,1.0,0.5,-0.0,1.0,-0.0,-0.0,0.0,1.0,0.1495
accA,b1389,1.0,0.7,-0.0,1.0,0.0,-0.0,-0.0,1.0,0.1495
accA,b1389,1.0,1.0,-0.0,1.0,0.0,-0.0,-0.0,1.0,0.1495
accA,b1535,0.5,0.5,1.0,1.0,1.0,1.0,0.0,0.0,0.4743
accA,b1535,0.5,0.7,1.0,1.0,1.0,1.0,-0.0,-0.0,0.4743
accA,b1535,0.5,1.0,1.0,1.0,1.0,1.0,-0.0,-0.0,0.4743
accA,b1535,0.7,0.5,1.0,1.0,1.0,1.0,-0.0,-0.0,0.4743
accA,b1535,0.7,0.7,1.0,1.0,1.0,1.0,-0.0,-0.0,0.4743
accA,b1535,0.7,1.0,1.0,1.0,1.0,1.0,-0.0,-0.0,0.4743
accA,b1535,1.0,0.5,-0.0,1.0,-0.0,-0.0,0.0,1.0,0.4743
accA,b1535,1.0,0.7,-0.0,1.0,0.0,-0.0,-0.0,1.0,0.4743
accA,b1535,1.0,1.0,-0.0,1.0,0.0,-0.0,-0.0,1.0,0.4743
accA,b1662,0.5,0.5,1.0,1.0,1.0,1.0,0.0,0.0,0.1495
accA,b1662,0.5,0.7,1.0,1.0,1.0,1.0,-0.0,-0.0,0.1495
accA,b1662,0.5,1.0,1.0,-0.0,0.0,-0.0,-0.0,1.0,0.1495
accA,b1662,0.7,0.5,1.0,1.0,1.0,1.0,-0.0,-0.0,0.1495
accA,b1662,0.7,0.7,1.0,1.0,1.0,1.0,-0.0,-0.0,0.1495
accA,b1662,0.7,1.0,1.0,-0.0,-0.0,-0.0,0.0,1.0,0.1495
accA,b1662,1.0,0.5,-0.0,1.0,-0.0,-0.0,0.0,1.0,0.1495
accA,b1662,1.0,0.7,-0.0,1.0,0.0,-0.0,-0.0,1.0,0.1495
accA,b1662,1.0,1.0,-0.0,-0.0,0.0,0.0,0.0,1.0,0.1495
accA,b1679,0.5,0.5,1.0,1.0,1.0,1.0,-0.0,-0.0,0.1495
accA,b1679,0.5,0.7,1.0,1.0,1.0,1.0,-0.0,-0.0,0.1495
accA,b1679,0.5,1.0,1.0,1.0,1.0,1.0,-0.0,-0.0,0.1495
accA,b1679,0.7,0.5,1.0,1.0,1.0,1.0,-0.0,-0.0,0.1495
accA,b1679,0.7,0.7,1.0,1.0,1.0,1.0,-0.0,-0.0,0.1495
accA,b1679,0.7,1.0,1.0,1.0,1.0,1.0,-0.0,-0.0,0.1495
accA,b1679,1.0,0.5,-0.0,1.0,-0.0,-0.0,0.0,1.0,0.1495
accA,b1679,1.0,0.7,-0.0,1.0,0.0,-0.0,-0.0,1.0,0.1495
accA,b1679,1.0,1.0,-0.0,1.0,0.0,-0.0,-0.0,1.0,0.1495
accA,b1727,0.5,0.5,1.0,1.0,1.0,1.0,-0.0,-0.0,0.1495
accA,b1727,0.5,0.7,1.0,1.0,1.0,1.0,-0.0,-0.0,0.1495
accA,b1727,0.5,1.0,1.0,1.0,1.0,1.0,-0.0,-0.0,0.1495
accA,b1727,0.7,0.5,1.0,1.0,1.0,1.0,-0.0,-0.0,0.1495
accA,b1727,0.7,0.7,1.0,1.0,1.0,1.0,-0.0,-0.0,0.1495
accA,b1727,0.7,1.0,1.0,1.0,1.0,1.0,-0.0,-0.0,0.1495
accA,b1727,1.0,0.5,-0.0,1.0,-0.0,-0.0,0.0,1.0,0.1495
accA,b1727,1.0,0.7,-0.0,1.0,0.0,-0.0,-0.0,1.0,0.1495
accA,b1727,1.0,1.0,-0.0,1.0,0.0,-0.0,-0.0,1.0,0.1495
accA,b1738,0.5,0.5,1.0,1.0,1.0,1.0,-0.0,-0.0,0.1495
accA,b1738,0.5,0.7,1.0,1.0,1.0,1.0,-0.0,-0.0,0.1495
accA,b1738,0.5,1.0,1.0,1.0,1.0,1.0,-0.0,-0.0,0.1495
accA,b1738,0.7,0.5,1.0,1.0,1.0,1.0,-0.0,-0.0,0.1495
accA,b1738,0.7,0.7,1.0,1.0,1.0,1.0,-0.0,-0.0,0.1495
accA,b1738,0.7,1.0,1.0,1.0,1.0,1.0,-0.0,-0.0,0.1495
accA,b1738,1.0,0.5,-0.0,1.0,0.0,-0.0,-0.0,1.0,0.1495
accA,b1738,1.0,0.7,-0.0,1.0,0.0,-0.0,-0.0,1.0,0.1495
accA,b1738,1.0,1.0,-0.0,1.0,0.0,-0.0,-0.0,1.0,0.1495
accA,b1812,0.5,0.5,1.0,1.0,1.0,1.0,0.0,0.0,0.1495
accA,b1812,0.5,0.7,1.0,1.0,1.0,1.0,-0.0,-0.0,0.1495
accA,b1812,0.5,1.0,1.0,-0.0,0.0,-0.0,-0.0,1.0,0.1495
accA,b1812,0.7,0.5,1.0,1.0,1.0,1.0,0.0,0.0,0.1495
accA,b1812,0.7,0.7,1.0,1.0,1.0,1.0,-0.0,-0.0,0.1495
accA,b1812,0.7,1.0,1.0,-0.0,-0.0,-0.0,0.0,1.0,0.1495
accA,b1812,1.0,0.5,-0.0,1.0,0.0,-0.0,-0.0,1.0,0.1495
accA,b1812,1.0,0.7,-0.0,1.0,0.0,-0.0,-0.0,1.0,0.1495
accA,b1812,1.0,1.0,-0.0,-0.0,0.0,0.0,0.0,1.0,0.1495
accA,b2034,0.5,0.5,1.0,1.0,1.0,1.0,-0.0,-0.0,0.1495
accA,b2034,0.5,0.7,1.0,1.0,1.0,1.0,-0.0,-0.0,0.1495
accA,b2034,0.5,1.0,1.0,1.0,1.0,1.0,-0.0,-0.0,0.1495
accA,b2034,0.7,0.5,1.0,1.0,1.0,1.0,-0.0,-0.0,0.1495
accA,b2034,0.7,0.7,1.0,1.0,1.0,1.0,-0.0,-0.0,0.1495
accA,b2034,0.7,1.0,1.0,1.0,1.0,1.0,-0.0,-0.0,0.1495
accA,b2034,1.0,0.5,-0.0,1.0,0.0,-0.0,-0.0,1.0,0.1495
accA,b2034,1.0,0.7,-0.0,1.0,0.0,-0.0,-0.0,1.0,0.1495
accA,b2034,1.0,1.0,-0.0,1.0,0.0,-0.0,-0.0,1.0,0.1495
accA,b2131,0.5,0.5,1.0,1.0,1.0,1.0,-0.0,-0.0,0.1495
accA,b2131,0.5,0.7,1.0,1.0,1.0,1.0,-0.0,-0.0,0.1495
accA,b2131,0.5,1.0,1.0,1.0,1.0,1.0,-0.0,-0.0,0.1495
accA,b2131,0.7,0.5,1.0,1.0,1.0,1.0,-0.0,-0.0,0.1495
accA,b2131,0.7,0.7,1.0,1.0,1.0,1.0,-0.0,-0.0,0.1495
accA,b2131,0.7,1.0,1.0,1.0,1.0,1.0,-0.0,-0.0,0.1495
accA,b2131,1.0,0.5,-0.0,1.0,0.0,-0.0,-0.0,1.0,0.1495
accA,b2131,1.0,0.7,-0.0,1.0,0.0,-0.0,-0.0,1.0,0.1495
accA,b2131,1.0,1.0,-0.0,1.0,0.0,-0.0,-0.0,1.0,0.1495
accA,b2291,0.5,0.5,1.0,1.0,1.0,1.0,-0.0,-0.0,0.4743
accA,b2291,0.5,0.7,1.0,1.0,1.0,1.0,-0.0,-0.0,0.4743
accA,b2291,0.5,1.0,1.0,1.0,1.0,1.0,-0.0,-0.0,0.4743
accA,b2291,0.7,0.5,1.0,1.0,1.0,1.0,-0.0,-0.0,0.4743
accA,b2291,0.7,0.7,1.0,1.0,1.0,1.0,-0.0,-0.0,0.4743
accA,b2291,0.7,1.0,1.0,1.0,1.0,1.0,-0.0,-0.0,0.4743
accA,b2291,1.0,0.5,-0.0,1.0,-0.0,-0.0,0.0,1.0,0.4743
accA,b2291,1.0,0.7,-0.0,1.0,0.0,-0.0,-0.0,1.0,0.4743
accA,b2291,1.0,1.0,-0.0,1.0,0.0,-0.0,-0.0,1.0,0.4743
b0131,b0222,0.5,0.5,1.0,1.0,1.0,1.0,0.0,0.0,0.0715
b0131,b0222,0.5,0.7,1.0,1.0,1.0,1.0,-0.0,-0.0,0.0715
b0131,b0222,0.5,1.0,1.0,1.0,1.0,1.0,-0.0,-0.0,0.0715
b0131,b0222,0.7,0.5,1.0,1.0,1.0,1.0,-0.0,-0.0,0.0715
b0131,b0222,0.7,0.7,1.0,1.0,1.0,1.0,-0.0,-0.0,0.0715
b0131,b0222,0.7,1.0,1.0,1.0,1.0,1.0,-0.0,-0.0,0.0715
b0131,b0222,1.0,0.5,0.0,1.0,0.0,0.0,-0.0,1.0,0.0715
b0131,b0222,1.0,0.7,0.0,1.0,0.0,0.0,-0.0,1.0,0.0715
b0131,b0222,1.0,1.0,0.0,1.0,0.0,0.0,-0.0,1.0,0.0715
b0131,b0638,0.5,0.5,1.0,1.0,1.0,1.0,-0.0,-0.0,0.0715
b0131,b0638,0.5,0.7,1.0,1.0,1.0,1.0,-0.0,-0.0,0.0715
b0131,b0638,0.5,1.0,1.0,1.0,1.0,1.0,-0.0,-0.0,0.0715
b0131,b0638,0.7,0.5,1.0,1.0,1.0,1.0,-0.0,-0.0,0.0715
b0131,b0638,0.7,0.7,1.0,1.0,1.0,1.0,-0.0,-0.0,0.0715
b0131,b0638,0.7,1.0,1.0,1.0,1.0,1.0,-0.0,-0.0,0.0715
b0131,b0638,1.0,0.5,0.0,1.0,0.0,0.0,-0.0,1.0,0.0715
b0131,b0638,1.0,0.7,0.0,1.0,0.0,0.0,0.0,1.0,0.0715
b0131,b0638,1.0,1.0,0.0,1.0,0.0,0.0,0.0,1.0,0.0715
b0131,b0871,0.5,0.5,1.0,1.0,1.0,1.0,-0.0,-0.0,0.5415
b0131,b0871,0.5,0.7,1.0,1.0,1.0,1.0,-0.0,-0.0,0.5415
b0131,b0871,0.5,1.0,1.0,1.0,1.0,1.0,-0.0,-0.0,0.5415
b0131,b0871,0.7,0.5,1.0,1.0,1.0,1.0,-0.0,-0.0,0.5415
b0131,b0871,0.7,0.7,1.0,1.0,1.0,1.0,-0.0,-0.0,0.5415
b0131,b0871,0.7,1.0,1.0,1.0,1.0,1.0,-0.0,-0.0,0.5415
b0131,b0871,1.0,0.5,0.0,1.0,0.0,0.0,-0.0,1.0,0.5415
b0131,b0871,1.0,0.7,0.0,1.0,0.0,0.0,0.0,1.0,0.5415
b0131,b0871,1.0,1.0,0.0,1.0,0.0,0.0,0.0,1.0,0.5415
b0131,b1389,0.5,0.5,1.0,1.0,1.0,1.0,-0.0,-0.0,0.0715
b0131,b1389,0.5,0.7,1.0,1.0,1.0,1.0,-0.0,-0.0,0.0715
b0131,b1389,0.5,1.0,1.0,1.0,1.0,1.0,-0.0,-0.0,0.0715
b0131,b1389,0.7,0.5,1.0,1.0,1.0,1.0,-0.0,-0.0,0.0715
b0131,b1389,0.7,0.7,1.0,1.0,1.0,1.0,-0.0,-0.0,0.0715
b0131,b1389,0.7,1.0,1.0,1.0,1.0,1.0,-0.0,-0.0,0.0715
b0131,b1389,1.0,0.5,0.0,1.0,0.0,0.0,-0.0,1.0,0.0715
b0131,b1389,1.0,0.7,0.0,1.0,0.0,0.0,0.0,1.0,0.0715
b0131,b1389,1.0,1.0,0.0,1.0,0.0,0.0,0.0,1.0,0.0715
b0131,b1535,0.5,0.5,1.0,1.0,1.0,1.0,-0.0,-0.0,0.4665
b0131,b1535,0.5,0.7,1.0,1.0,1.0,1.0,-0.0,-0.0,0.4665
b0131,b1535,0.5,1.0,1.0,1.0,1.0,1.0,-0.0,-0.0,0.4665
b0131,b1535,0.7,0.5,1.0,1.0,1.0,1.0,-0.0,-0.0,0.4665
b0131,b1535,0.7,0.7,1.0,1.0,1.0,1.0,-0.0,-0.0,0.4665
b0131,b1535,0.7,1.0,1.0,1.0,1.0,1.0,-0.0,-0.0,0.4665
b0131,b1535,1.0,0.5,0.0,1.0,0.0,0.0,-0.0,1.0,0.4665
b0131,b1535,1.0,0.7,0.0,1.0,0.0,0.0,0.0,1.0,0.4665
b0131,b1535,1.0,1.0,0.0,1.0,0.0,0.0,0.0,1.0,0.4665
b0131,b1662,0.5,0.5,1.0,1.0,1.0,1.0,-0.0,-0.0,0.0715
b0131,b1662,0.5,0.7,1.0,1.0,1.0,1.0,-0.0,-0.0,0.0715
b0131,b1662,0.5,1.0,1.0,-0.0,-0.0,-0.0,0.0,1.0,0.0715
b0131,b1662,0.7,0.5,1.0,1.0,1.0,1.0,-0.0,-0.0,0.0715
b0131,b1662,0.7,0.7,1.0,1.0,1.0,1.0,-0.0,-0.0,0.0715
b0131,b1662,0.7,1.0,1.0,-0.0,-0.0,-0.0,0.0,1.0,0.0715
b0131,b1662,1.0,0.5,0.0,1.0,0.0,0.0,0.0,1.0,0.0715
b0131,b1662,1.0,0.7,0.0,1.0,0.0,0.0,0.0,1.0,0.0715
b0131,b1662,1.0,1.0,0.0,-0.0,0.0,-0.0,-0.0,1.0,0.0715
b0131,b1679,0.5,0.5,1.0,1.0,1.0,1.0,-0.0,-0.0,0.0715
b0131,b1679,0.5,0.7,1.0,1.0,1.0,1.0,-0.0,-0.0,0.0715
b0131,b1679,0.5,1.0,1.0,1.0,1.0,1.0,-0.0,-0.0,0.0715
b0131,b1679,0.7,0.5,1.0,1.0,1.0,1.0,-0.0,-0.0,0.0715
b0131,b1679,0.7,0.7,1.0,1.0,1.0,1.0,-0.0,-0.0,0.0715
b0131,b1679,0.7,1.0,1.0,1.0,1.0,1.0,-0.0,-0.0,0.0715
b0131,b1679,1.0,0.5,0.0,1.0,0.0,0.0,-0.0,1.0,0.0715
b0131,b1679,1.0,0.7,0.0,1.0,0.0,0.0,0.0,1.0,0.0715
b0131,b1679,1.0,1.0,0.0,1.0,0.0,0.0,0.0,1.0,0.0715
b0131,b1727,0.5,0.5,1.0,1.0,1.0,1.0,-0.0,-0.0,0.0715
b0131,b1727,0.5,0.7,1.0,1.0,1.0,1.0,-0.0,-0.0,0.0715
b0131,b1727,0.5,1.0,1.0,1.0,1.0,1.0,-0.0,-0.0,0.0715
b0131,b1727,0.7,0.5,1.0,1.0,1.0,1.0,-0.0,-0.0,0.0715
b0131,b1727,0.7,0.7,1.0,1.0,1.0,1.0,-0.0,-0.0,0.0715
b0131,b1727,0.7,1.0,1.0,1.0,1.0,1.0,-0.0,-0.0,0.0715
b0131,b1727,1.0,0.5,0.0,1.0,0.0,0.0,-0.0,1.0,0.0715
b0131,b1727,1.0,0.7,0.0,1.0,0.0,0.0,0.0,1.0,0.0715
b0131,b1727,1.0,1.0,0.0,1.0,0.0,0.0,0.0,1.0,0.0715
b0131,b1738,0.5,0.5,1.0,1.0,1.0,1.0,-0.0,-0.0,0.0715
b0131,b1738,0.5,0.7,1.0,1.0,1.0,1.0,-0.0,-0.0,0.0715
b0131,b1738,0.5,1.0,1.0,1.0,1.0,1.0,-0.0,-0.0,0.0715
b0131,b1738,0.7,0.5,1.0,1.0,1.0,1.0,-0.0,-0.0,0.0715
b0131,b1738,0.7,0.7,1.0,1.0,1.0,1.0,-0.0,-0.0,0.0715
b0131,b1738,0.7,1.0,1.0,1.0,1.0,1.0,-0.0,-0.0,0.0715
b0131,b1738,1.0,0.5,0.0,1.0,0.0,0.0,-0.0,1.0,0.0715
b0131,b1738,1.0,0.7,0.0,1.0,0.0,0.0,0.0,1.0,0.0715
b0131,b1738,1.0,1.0,0.0,1.0,0.0,0.0,0.0,1.0,0.0715
b0131,b1812,0.5,0.5,1.0,1.0,1.0,1.0,-0.0,-0.0,0.0715
b0131,b1812,0.5,0.7,1.0,1.0,1.0,1.0,-0.0,-0.0,0.0715
b0131,b1812,0.5,1.0,1.0,-0.0,0.0,-0.0,-0.0,1.0,0.0715
b0131,b1812,0.7,0.5,1.0,1.0,1.0,1.0,-0.0,-0.0,0.0715
b0131,b1812,0.7,0.7,1.0,1.0,1.0,1.0,-0.0,-0.0,0.0715
b0131,b1812,0.7,1.0,1.0,-0.0,0.0,-0.0,-0.0,1.0,0.0715
b0131,b1812,1.0,0.5,0.0,1.0,0.0,0.0,-0.0,1.0,0.0715
b0131,b1812,1.0,0.7,0.0,1.0,0.0,0.0,0.0,1.0,0.0715
b0131,b1812,1.0,1.0,0.0,-0.0,0.0,-0.0,-0.0,1.0,0.0715
b0131,b2034,0.5,0.5,1.0,1.0,1.0,1.0,-0.0,-0.0,0.0715
b0131,b2034,0.5,0.7,1.0,1.0,1.0,1.0,-0.0,-0.0,0.0715
b0131,b2034,0.5,1.0,1.0,1.0,1.0,1.0,-0.0,-0.0,0.0715
b0131,b2034,0.7,0.5,1.0,1.0,1.0,1.0,-0.0,-0.0,0.0715
b0131,b2034,0.7,0.7,1.0,1.0,1.0,1.0,-0.0,-0.0,0.0715
b0131,b2034,0.7,1.0,1.0,1.0,1.0,1.0,-0.0,-0.0,0.0715
b0131,b2034,1.0,0.5,0.0,1.0,0.0,0.0,-0.0,1.0,0.0715
b0131,b2034,1.0,0.7,0.0,1.0,0.0,0.0,0.0,1.0,0.0715
b0131,b2034,1.0,1.0,0.0,1.0,0.0,0.0,0.0,1.0,0.0715
b0131,b2131,0.5,0.5,1.0,1.0,1.0,1.0,-0.0,-0.0,0.0715
b0131,b2131,0.5,0.7,1.0,1.0,1.0,1.0,-0.0,-0.0,0.0715
b0131,b2131,0.5,1.0,1.0,1.0,1.0,1.0,-0.0,-0.0,0.0715
b0131,b2131,0.7,0.5,1.0,1.0,1.0,1.0,-0.0,-0.0,0.0715
b0131,b2131,0.7,0.7,1.0,1.0,1.0,1.0,-0.0,-0.0,0.0715
b0131,b2131,0.7,1.0,1.0,1.0,1.0,1.0,-0.0,-0.0,0.0715
b0131,b2131,1.0,0.5,0.0,1.0,0.0,0.0,-0.0,1.0,0.0715
b0131,b2131,1.0,0.7,0.0,1.0,0.0,0.0,0.0,1.0,0.0715
b0131,b2131,1.0,1.0,0.0,1.0,0.0,0.0,0.0,1.0,0.0715
b0131,b2291,0.5,0.5,1.0,1.0,1.0,1.0,-0.0,-0.0,0.4665
b0131,b2291,0.5,0.7,1.0,1.0,1.0,1.0,-0.0,-0.0,0.4665
b0131,b2291,0.5,1.0,1.0,1.0,1.0,1.0,-0.0,-0.0,0.4665
b0131,b2291,0.7,0.5,1.0,1.0,1.0,1.0,-0.0,-0.0,0.4665
b0131,b2291,0.7,0.7,1.0,1.0,1.0,1.0,-0.0,-0.0,0.4665
b0131,b2291,0.7,1.0,1.0,1.0,1.0,1.0,-0.0,-0.0,0.4665
b0131,b2291,1.0,0.5,0.0,1.0,0.0,0.0,-0.0,1.0,0.4665
b0131,b2291,1.0,0.7,0.0,1.0,0.0,0.0,0.0,1.0,0.4665
b0131,b2291,1.0,1.0,0.0,1.0,0.0,0.0,0.0,1.0,0.4665
b0222,b0638,0.5,0.5,1.0,1.0,1.0,1.0,-0.0,-0.0,0.0715
b0222,b0638,0.5,0.7,1.0,1.0,1.0,1.0,-0.0,-0.0,0.0715
b0222,b0638,0.5,1.0,1.0,1.0,1.0,1.0,-0.0,-0.0,0.0715
b0222,b0638,0.7,0.5,1.0,1.0,1.0,1.0,-0.0,-0.0,0.0715
b0222,b0638,0.7,0.7,1.0,1.0,1.0,1.0,-0.0,-0.0,0.0715
b0222,b0638,0.7,1.0,1.0,1.0,1.0,1.0,-0.0,-0.0,0.0715
b0222,b0638,1.0,0.5,1.0,1.0,1.0,1.0,-0.0,-0.0,0.0715
b0222,b0638,1.0,0.7,1.0,1.0,1.0,1.0,-0.0,-0.0,0.0715
b0222,b0638,1.0,1.0,1.0,1.0,1.0,1.0,-0.0,-0.0,0.0715
b0222,b0871,0.5,0.5,1.0,1.0,1.0,1.0,-0.0,-0.0,0.5415
b0222,b0871,0.5,0.7,1.0,1.0,1.0,1.0,-0.0,-0.0,0.5415
b0222,b0871,0.5,1.0,1.0,1.0,1.0,1.0,-0.0,-0.0,0.5415
b0222,b0871,0.7,0.5,1.0,1.0,1.0,1.0,-0.0,-0.0,0.5415
b0222,b0871,0.7,0.7,1.0,1.0,1.0,1.0,-0.0,-0.0,0.5415
b0222,b0871,0.7,1.0,1.0,1.0,1.0,1.0,-0.0,-0.0,0.5415
b0222,b0871,1.0,0.5,1.0,1.0,1.0,1.0,-0.0,-0.0,0.5415
b0222,b0871,1.0,0.7,1.0,1.0,1.0,1.0,-0.0,-0.0,0.5415
b0222,b0871,1.0,1.0,1.0,1.0,1.0,1.0,-0.0,-0.0,0.5415
b0222,b1389,0.5,0.5,1.0,1.0,1.0,1.0,-0.0,-0.0,0.0715
b0222,b1389,0.5,0.7,1.0,1.0,1.0,1.0,-0.0,-0.0,0.0715
b0222,b1389,0.5,1.0,1.0,1.0,1.0,1.0,-0.0,-0.0,0.0715
b0222,b1389,0.7,0.5,1.0,1.0,1.0,1.0,-0.0,-0.0,0.0715
b0222,b1389,0.7,0.7,1.0,1.0,1.0,1.0,-0.0,-0.0,0.0715
b0222,b1389,0.7,1.0,1.0,1.0,1.0,1.0,-0.0,-0.0,0.0715
b0222,b1389,1.0,0.5,1.0,1.0,1.0,1.0,-0.0,-0.0,0.0715
b0222,b1389,1.0,0.7,1.0,1.0,1.0,1.0,-0.0,-0.0,0.0715
b0222,b1389,1.0,1.0,1.0,1.0,1.0,1.0,-0.0,-0.0,0.0715
b0222,b1535,0.5,0.5,1.0,1.0,1.0,1.0,-0.0,-0.0,0.4665
b0222,b1535,0.5,0.7,1.0,1.0,1.0,1.0,-0.0,-0.0,0.4665
b0222,b1535,0.5,1.0,1.0,1.0,1.0,1.0,-0.0,-0.0,0.4665
b0222,b1535,0.7,0.5,1.0,1.0,1.0,1.0,-0.0,-0.0,0.4665
b0222,b1535,0.7,0.7,1.0,1.0,1.0,1.0,-0.0,-0.0,0.4665
b0222,b1535,0.7,1.0,1.0,1.0,1.0,1.0,-0.0,-0.0,0.4665
b0222,b1535,1.0,0.5,1.0,1.0,1.0,1.0,-0.0,-0.0,0.4665
b0222,b1535,1.0,0.7,1.0,1.0,1.0,1.0,-0.0,-0.0,0.4665
b0222,b1535,1.0,1.0,1.0,1.0,1.0,1.0,-0.0,-0.0,0.4665
b0222,b1662,0.5,0.5,1.0,1.0,1.0,1.0,-0.0,-0.0,0.0715
b0222,b1662,0.5,0.7,1.0,1.0,1.0,1.0,-0.0,-0.0,0.0715
b0222,b1662,0.5,1.0,1.0,-0.0,-0.0,-0.0,0.0,1.0,0.0715
b0222,b1662,0.7,0.5,1.0,1.0,1.0,1.0,-0.0,-0.0,0.0715
b0222,b1662,0.7,0.7,1.0,1.0,1.0,1.0,-0.0,-0.0,0.0715
b0222,b1662,0.7,1.0,1.0,-0.0,-0.0,-0.0,0.0,1.0,0.0715
b0222,b1662,1.0,0.5,1.0,1.0,1.0,1.0,-0.0,-0.0,0.0715
b0222,b1662,1.0,0.7,1.0,1.0,1.0,1.0,-0.0,-0.0,0.0715
b0222,b1662,1.0,1.0,1.0,-0.0,-0.0,-0.0,0.0,1.0,0.0715
b0222,b1679,0.5,0.5,1.0,1.0,1.0,1.0,-0.0,-0.0,0.0715
b0222,b1679,0.5,0.7,1.0,1.0,1.0,1.0,-0.0,-0.0,0.0715
b0222,b1679,0.5,1.0,1.0,1.0,1.0,1.0,-0.0,-0.0,0.0715
b0222,b1679,0.7,0.5,1.0,1.0,1.0,1.0,-0.0,-0.0,0.0715
b0222,b1679,0.7,0.7,1.0,1.0,1.0,1.0,-0.0,-0.0,0.0715
b0222,b1679,0.7,1.0,1.0,1.0,1.0,1.0,-0.0,-0.0,0.0715
b0222,b1679,1.0,0.5,1.0,1.0,1.0,1.0,-0.0,-0.0,0.0715
b0222,b1679,1.0,0.7,1.0,1.0,1.0,1.0,-0.0,-0.0,0.0715
b0222,b1679,1.0,1.0,1.0,1.0,1.0,1.0,-0.0,-0.0,0.0715
b0222,b1727,0.5,0.5,1.0,1.0,1.0,1.0,-0.0,-0.0,0.0715
b0222,b1727,0.5,0.7,1.0,1.0,1.0,1.0,-0.0,-0.0,0.0715
b0222,b1727,0.5,1.0,1.0,1.0,1.0,1.0,-0.0,-0.0,0.0715
b0222,b1727,0.7,0.5,1.0,1.0,1.0,1.0,-0.0,-0.0,0.0715
b0222,b1727,0.7,0.7,1.0,1.0,1.0,1.0,-0.0,-0.0,0.0715
b0222,b1727,0.7,1.0,1.0,1.0,1.0,1.0,-0.0,-0.0,0.0715
b0222,b1727,1.0,0.5,1.0,1.0,1.0,1.0,-0.0,-0.0,0.0715
b0222,b1727,1.0,0.7,1.0,1.0,1.0,1.0,-0.0,-0.0,0.0715
b0222,b1727,1.0,1.0,1.0,1.0,1.0,1.0,-0.0,-0.0,0.0715
b0222,b1738,0.5,0.5,1.0,1.0,1.0,1.0,-0.0,-0.0,0.0715
b0222,b1738,0.5,0.7,1.0,1.0,1.0,1.0,-0.0,-0.0,0.0715
b0222,b1738,0.5,1.0,1.0,1.0,1.0,1.0,-0.0,-0.0,0.0715
b0222,b1738,0.7,0.5,1.0,1.0,1.0,1.0,-0.0,-0.0,0.0715
b0222,b1738,0.7,0.7,1.0,1.0,1.0,1.0,-0.0,-0.0,0.0715
b0222,b1738,0.7,1.0,1.0,1.0,1.0,1.0,-0.0,-0.0,0.0715
b0222,b1738,1.0,0.5,1.0,1.0,1.0,1.0,-0.0,-0.0,0.0715
b0222,b1738,1.0,0.7,1.0,1.0,1.0,1.0,-0.0,-0.0,0.0715
b0222,b1738,1.0,1.0,1.0,1.0,1.0,1.0,-0.0,-0.0,0.0715
b0222,b1812,0.5,0.5,1.0,1.0,1.0,1.0,-0.0,-0.0,0.0715
b0222,b1812,0.5,0.7,1.0,1.0,1.0,1.0,-0.0,-0.0,0.0715
b0222,b1812,0.5,1.0,1.0,-0.0,0.0,-0.0,-0.0,1.0,0.0715
b0222,b1812,0.7,0.5,1.0,1.0,1.0,1.0,-0.0,-0.0,0.0715
b0222,b1812,0.7,0.7,1.0,1.0,1.0,1.0,-0.0,-0.0,0.0715
b0222,b1812,0.7,1.0,1.0,-0.0,0.0,-0.0,-0.0,1.0,0.0715
b0222,b1812,1.0,0.5,1.0,1.0,1.0,1.0,-0.0,-0.0,0.0715
b0222,b1812,1.0,0.7,1.0,1.0,1.0,1.0,-0.0,-0.0,0.0715
b0222,b1812,1.0,1.0,1.0,-0.0,0.0,-0.0,-0.0,1.0,0.0715
b0222,b2034,0.5,0.5,1.0,1.0,1.0,1.0,-0.0,-0.0,0.0715
b0222,b2034,0.5,0.7,1.0,1.0,1.0,1.0,-0.0,-0.0,0.0715
b0222,b2034,0.5,1.0,1.0,1.0,1.0,1.0,-0.0,-0.0,0.0715
b0222,b2034,0.7,0.5,1.0,1.0,1.0,1.0,-0.0,-0.0,0.0715
b0222,b2034,0.7,0.7,1.0,1.0,1.0,1.0,-0.0,-0.0,0.0715
b0222,b2034,0.7,1.0,1.0,1.0,1.0,1.0,-0.0,-0.0,0.0715
b0222,b2034,1.0,0.5,1.0,1.0,1.0,1.0,-0.0,-0.0,0.0715
b0222,b2034,1.0,0.7,1.0,1.0,1.0,1.0,-0.0,-0.0,0.0715
b0222,b2034,1.0,1.0,1.0,1.0,1.0,1.0,-0.0,-0.0,0.0715
b0222,b2131,0.5,0.5,1.0,1.0,1.0,1.0,-0.0,-0.0,0.0715
b0222,b2131,0.5,0.7,1.0,1.0,1.0,1.0,-0.0,-0.0,0.0715
b0222,b2131,0.5,1.0,1.0,1.0,1.0,1.0,-0.0,-0.0,0.0715
b0222,b2131,0.7,0.5,1.0,1.0,1.0,1.0,-0.0,-0.0,0.0715
b0222,b2131,0.7,0.7,1.0,1.0,1.0,1.0,-0.0,-0.0,0.0715
b0222,b2131,0.7,1.0,1.0,1.0,1.0,1.0,-0.0,-0.0,0.0715
b0222,b2131,1.0,0.5,1.0,1.0,1.0,1.0,-0.0,-0.0,0.0715
b0222,b2131,1.0,0.7,1.0,1.0,1.0,1.0,-0.0,-0.0,0.0715
b0222,b2131,1.0,1.0,1.0,1.0,1.0,1.0,-0.0,-0.0,0.0715
b0222,b2291,0.5,0.5,1.0,1.0,1.0,1.0,-0.0,-0.0,0.4665
b0222,b2291,0.5,0.7,1.0,1.0,1.0,1.0,-0.0,-0.0,0.4665
b0222,b2291,0.5,1.0,1.0,1.0,1.0,1.0,-0.0,-0.0,0.4665
b0222,b2291,0.7,0.5,1.0,1.0,1.0,1.0,-0.0,-0.0,0.4665
b0222,b2291,0.7,0.7,1.0,1.0,1.0,1.0,-0.0,-0.0,0.4665
b0222,b2291,0.7,1.0,1.0,1.0,1.0,1.0,-0.0,-0.0,0.4665
b0222,b2291,1.0,0.5,1.0,1.0,1.0,1.0,-0.0,-0.0,0.4665
b0222,b2291,1.0,0.7,1.0,1.0,1.0,1.0,-0.0,-0.0,0.4665
b0222,b2291,1.0,1.0,1.0,1.0,1.0,1.0,-0.0,-0.0,0.4665
b0638,b0871,0.5,0.5,1.0,1.0,1.0,1.0,-0.0,-0.0,0.5415
b0638,b0871,0.5,0.7,1.0,1.0,1.0,1.0,-0.0,-0.0,0.5415
b0638,b0871,0.5,1.0,1.0,1.0,1.0,1.0,-0.0,-0.0,0.5415
b0638,b0871,0.7,0.5,1.0,1.0,1.0,1.0,-0.0,-0.0,0.5415
b0638,b0871,0.7,0.7,1.0,1.0,1.0,1.0,-0.0,-0.0,0.5415
b0638,b0871,0.7,1.0,1.0,1.0,1.0,1.0,-0.0,-0.0,0.5415
b0638,b0871,1.0,0.5,1.0,1.0,1.0,1.0,-0.0,-0.0,0.5415
b0638,b0871,1.0,0.7,1.0,1.0,1.0,1.0,-0.0,-0.0,0.5415
b0638,b0871,1.0,1.0,1.0,1.0,1.0,1.0,-0.0,-0.0,0.5415
b0638,b1389,0.5,0.5,1.0,1.0,1.0,1.0,-0.0,-0.0,0.0715
b0638,b1389,0.5,0.7,1.0,1.0,1.0,1.0,-0.0,-0.0,0.0715
b0638,b1389,0.5,1.0,1.0,1.0,1.0,1.0,-0.0,-0.0,0.0715
b0638,b1389,0.7,0.5,1.0,1.0,1.0,1.0,-0.0,-0.0,0.0715
b0638,b1389,0.7,0.7,1.0,1.0,1.0,1.0,-0.0,-0.0,0.0715
b0638,b1389,0.7,1.0,1.0,1.0,1.0,1.0,-0.0,-0.0,0.0715
b0638,b1389,1.0,0.5,1.0,1.0,1.0,1.0,-0.0,-0.0,0.0715
b0638,b1389,1.0,0.7,1.0,1.0,1.0,1.0,-0.0,-0.0,0.0715
b0638,b1389,1.0,1.0,1.0,1.0,1.0,1.0,-0.0,-0.0,0.0715
b0638,b1535,0.5,0.5,1.0,1.0,1.0,1.0,-0.0,-0.0,0.4665
b0638,b1535,0.5,0.7,1.0,1.0,1.0,1.0,-0.0,-0.0,0.4665
b0638,b1535,0.5,1.0,1.0,1.0,1.0,1.0,-0.0,-0.0,0.4665
b0638,b1535,0.7,0.5,1.0,1.0,1.0,1.0,-0.0,-0.0,0.4665
b0638,b1535,0.7,0.7,1.0,1.0,1.0,1.0,-0.0,-0.0,0.4665
b0638,b1535,0.7,1.0,1.0,1.0,1.0,1.0,-0.0,-0.0,0.4665
b0638,b1535,1.0,0.5,1.0,1.0,1.0,1.0,-0.0,-0.0,0.4665
b0638,b1535,1.0,0.7,1.0,1.0,1.0,1.0,-0.0,-0.0,0.4665
b0638,b1535,1.0,1.0,1.0,1.0,1.0,1.0,-0.0,-0.0,0.4665
b0638,b1662,0.5,0.5,1.0,1.0,1.0,1.0,-0.0,-0.0,0.0715
b0638,b1662,0.5,0.7,1.0,1.0,1.0,1.0,-0.0,-0.0,0.0715
b0638,b1662,0.5,1.0,1.0,-0.0,-0.0,-0.0,0.0,1.0,0.0715
b0638,b1662,0.7,0.5,1.0,1.0,1.0,1.0,-0.0,-0.0,0.0715
b0638,b1662,0.7,0.7,1.0,1.0,1.0,1.0,-0.0,-0.0,0.0715
b0638,b1662,0.7,1.0,1.0,-0.0,-0.0,-0.0,0.0,1.0,0.0715
b0638,b1662,1.0,0.5,1.0,1.0,1.0,1.0,-0.0,-0.0,0.0715
b0638,b1662,1.0,0.7,1.0,1.0,1.0,1.0,-0.0,-0.0,0.0715
b0638,b1662,1.0,1.0,1.0,-0.0,-0.0,-0.0,0.0,1.0,0.0715
b0638,b1679,0.5,0.5,1.0,1.0,1.0,1.0,-0.0,-0.0,0.0715
b0638,b1679,0.5,0.7,1.0,1.0,1.0,1.0,-0.0,-0.0,0.0715
b0638,b1679,0.5,1.0,1.0,1.0,1.0,1.0,-0.0,-0.0,0.0715
b0638,b1679,0.7,0.5,1.0,1.0,1.0,1.0,-0.0,-0.0,0.0715
b0638,b1679,0.7,0.7,1.0,1.0,1.0,1.0,-0.0,-0.0,0.0715
b0638,b1679,0.7,1.0,1.0,1.0,1.0,1.0,-0.0,-0.0,0.0715
b0638,b1679,1.0,0.5,1.0,1.0,1.0,1.0,-0.0,-0.0,0.0715
b0638,b1679,1.0,0.7,1.0,1.0,1.0,1.0,-0.0,-0.0,0.0715
b0638,b1679,1.0,1.0,1.0,1.0,1.0,1.0,-0.0,-0.0,0.0715
b0638,b1727,0.5,0.5,1.0,1.0,1.0,1.0,-0.0,-0.0,0.0715
b0638,b1727,0.5,0.7,1.0,1.0,1.0,1.0,-0.0,-0.0,0.0715
b0638,b1727,0.5,1.0,1.0,1.0,1.0,1.0,-0.0,-0.0,0.0715
b0638,b1727,0.7,0.5,1.0,1.0,1.0,1.0,-0.0,-0.0,0.0715
b0638,b1727,0.7,0.7,1.0,1.0,1.0,1.0,-0.0,-0.0,0.0715
b0638,b1727,0.7,1.0,1.0,1.0,1.0,1.0,-0.0,-0.0,0.0715
b0638,b1727,1.0,0.5,1.0,1.0,1.0,1.0,-0.0,-0.0,0.0715
b0638,b1727,1.0,0.7,1.0,1.0,1.0,1.0,-0.0,-0.0,0.0715
b0638,b1727,1.0,1.0,1.0,1.0,1.0,1.0,-0.0,-0.0,0.0715
b0638,b1738,0.5,0.5,1.0,1.0,1.0,1.0,-0.0,-0.0,0.0715
b0638,b1738,0.5,0.7,1.0,1.0,1.0,1.0,-0.0,-0.0,0.0715
b0638,b1738,0.5,1.0,1.0,1.0,1.0,1.0,-0.0,-0.0,0.0715
b0638,b1738,0.7,0.5,1.0,1.0,1.0,1.0,-0.0,-0.0,0.0715
b0638,b1738,0.7,0.7,1.0,1.0,1.0,1.0,-0.0,-0.0,0.0715
b0638,b1738,0.7,1.0,1.0,1.0,1.0,1.0,-0.0,-0.0,0.0715
b0638,b1738,1.0,0.5,1.0,1.0,1.0,1.0,-0.0,-0.0,0.0715
b0638,b1738,1.0,0.7,1.0,1.0,1.0,1.0,-0.0,-0.0,0.0715
b0638,b1738,1.0,1.0,1.0,1.0,1.0,1.0,-0.0,-0.0,0.0715
b0638,b1812,0.5,0.5,1.0,1.0,1.0,1.0,-0.0,-0.0,0.0715
b0638,b1812,0.5,0.7,1.0,1.0,1.0,1.0,-0.0,-0.0,0.0715
b0638,b1812,0.5,1.0,1.0,-0.0,0.0,-0.0,-0.0,1.0,0.0715
b0638,b1812,0.7,0.5,1.0,1.0,1.0,1.0,-0.0,-0.0,0.0715
b0638,b1812,0.7,0.7,1.0,1.0,1.0,1.0,-0.0,-0.0,0.0715
b0638,b1812,0.7,1.0,1.0,-0.0,0.0,-0.0,-0.0,1.0,0.0715
b0638,b1812,1.0,0.5,1.0,1.0,1.0,1.0,-0.0,-0.0,0.0715
b0638,b1812,1.0,0.7,1.0,1.0,1.0,1.0,-0.0,-0.0,0.0715
b0638,b1812,1.0,1.0,1.0,-0.0,0.0,-0.0,-0.0,1.0,0.0715
b0638,b2034,0.5,0.5,1.0,1.0,1.0,1.0,-0.0,-0.0,0.0715
b0638,b2034,0.5,0.7,1.0,1.0,1.0,1.0,-0.0,-0.0,0.0715
b0638,b2034,0.5,1.0,1.0,1.0,1.0,1.0,-0.0,-0.0,0.0715
b0638,b2034,0.7,0.5,1.0,1.0,1.0,1.0,-0.0,-0.0,0.0715
b0638,b2034,0.7,0.7,1.0,1.0,1.0,1.0,-0.0,-0.0,0.0715
b0638,b2034,0.7,1.0,1.0,1.0,1.0,1.0,-0.0,-0.0,0.0715
b0638,b2034,1.0,0.5,1.0,1.0,1.0,1.0,-0.0,-0.0,0.0715
b0638,b2034,1.0,0.7,1.0,1.0,1.0,1.0,-0.0,-0.0,0.0715
b0638,b2034,1.0,1.0,1.0,1.0,1.0,1.0,-0.0,-0.0,0.0715
b0638,b2131,0.5,0.5,1.0,1.0,1.0,1.0,-0.0,-0.0,0.0715
b0638,b2131,0.5,0.7,1.0,1.0,1.0,1.0,-0.0,-0.0,0.0715
b0638,b2131,0.5,1.0,1.0,1.0,1.0,1.0,-0.0,-0.0,0.0715
b0638,b2131,0.7,0.5,1.0,1.0,1.0,1.0,-0.0,-0.0,0.0715
b0638,b2131,0.7,0.7,1.0,1.0,1.0,1.0,-0.0,-0.0,0.0715
b0638,b2131,0.7,1.0,1.0,1.0,1.0,1.0,-0.0,-0.0,0.0715
b0638,b2131,1.0,0.5,1.0,1.0,1.0,1.0,-0.0,-0.0,0.0715
b0638,b2131,1.0,0.7,1.0,1.0,1.0,1.0,-0.0,-0.0,0.0715
b0638,b2131,1.0,1.0,1.0,1.0,1.0,1.0,-0.0,-0.0,0.0715
b0638,b2291,0.5,0.5,1.0,1.0,1.0,1.0,-0.0,-0.0,0.4665
b0638,b2291,0.5,0.7,1.0,1.0,1.0,1.0,-0.0,-0.0,0.4665
b0638,b2291,0.5,1.0,1.0,1.0,1.0,1.0,-0.0,-0.0,0.4665
b0638,b2291,0.7,0.5,1.0,1.0,1.0,1.0,-0.0,-0.0,0.4665
b0638,b2291,0.7,0.7,1.0,1.0,1.0,1.0,-0.0,-0.0,0.4665
b0638,b2291,0.7,1.0,1.0,1.0,1.0,1.0,-0.0,-0.0,0.4665
b0638,b2291,1.0,0.5,1.0,1.0,1.0,1.0,-0.0,-0.0,0.4665
b0638,b2291,1.0,0.7,1.0,1.0,1.0,1.0,-0.0,-0.0,0.4665
b0638,b2291,1.0,1.0,1.0,1.0,1.0,1.0,-0.0,-0.0,0.4665
b0871,b1389,0.5,0.5,1.0,1.0,1.0,1.0,-0.0,-0.0,0.5415
b0871,b1389,0.5,0.7,1.0,1.0,1.0,1.0,-0.0,-0.0,0.5415
b0871,b1389,0.5,1.0,1.0,1.0,1.0,1.0,-0.0,-0.0,0.5415
b0871,b1389,0.7,0.5,1.0,1.0,1.0,1.0,-0.0,-0.0,0.5415
b0871,b1389,0.7,0.7,1.0,1.0,1.0,1.0,-0.0,-0.0,0.5415
b0871,b1389,0.7,1.0,1.0,1.0,1.0,1.0,-0.0,-0.0,0.5415
b0871,b1389,1.0,0.5,1.0,1.0,1.0,1.0,-0.0,-0.0,0.5415
b0871,b1389,1.0,0.7,1.0,1.0,1.0,1.0,-0.0,-0.0,0.5415
b0871,b1389,1.0,1.0,1.0,1.0,1.0,1.0,-0.0,-0.0,0.5415
b0871,b1535,0.5,0.5,1.0,1.0,1.0,1.0,-0.0,-0.0,0.581
b0871,b1535,0.5,0.7,1.0,1.0,1.0,1.0,-0.0,-0.0,0.581
b0871,b1535,0.5,1.0,1.0,1.0,1.0,1.0,-0.0,-0.0,0.581
b0871,b1535,0.7,0.5,1.0,1.0,1.0,1.0,-0.0,-0.0,0.581
b0871,b1535,0.7,0.7,1.0,1.0,1.0,1.0,-0.0,-0.0,0.581
b0871,b1535,0.7,1.0,1.0,1.0,1.0,1.0,-0.0,-0.0,0.581
b0871,b1535,1.0,0.5,1.0,1.0,1.0,1.0,-0.0,-0.0,0.581
b0871,b1535,1.0,0.7,1.0,1.0,1.0,1.0,-0.0,-0.0,0.581
b0871,b1535,1.0,1.0,1.0,1.0,1.0,1.0,-0.0,-0.0,0.581
b0871,b1662,0.5,0.5,1.0,1.0,1.0,1.0,-0.0,-0.0,0.5415
b0871,b1662,0.5,0.7,1.0,1.0,1.0,1.0,-0.0,-0.0,0.5415
b0871,b1662,0.5,1.0,1.0,-0.0,-0.0,-0.0,0.0,1.0,0.5415
b0871,b1662,0.7,0.5,1.0,1.0,1.0,1.0,-0.0,-0.0,0.5415
b0871,b1662,0.7,0.7,1.0,1.0,1.0,1.0,-0.0,-0.0,0.5415
b0871,b1662,0.7,1.0,1.0,-0.0,-0.0,-0.0,0.0,1.0,0.5415
b0871,b1662,1.0,0.5,1.0,1.0,1.0,1.0,-0.0,-0.0,0.5415
b0871,b1662,1.0,0.7,1.0,1.0,1.0,1.0,-0.0,-0.0,0.5415
b0871,b1662,1.0,1.0,1.0,-0.0,-0.0,-0.0,0.0,1.0,0.5415
b0871,b1679,0.5,0.5,1.0,1.0,1.0,1.0,-0.0,-0.0,0.5415
b0871,b1679,0.5,0.7,1.0,1.0,1.0,1.0,-0.0,-0.0,0.5415
b0871,b1679,0.5,1.0,1.0,1.0,1.0,1.0,-0.0,-0.0,0.5415
b0871,b1679,0.7,0.5,1.0,1.0,1.0,1.0,-0.0,-0.0,0.5415
b0871,b1679,0.7,0.7,1.0,1.0,1.0,1.0,-0.0,-0.0,0.5415
b0871,b1679,0.7,1.0,1.0,1.0,1.0,1.0,-0.0,-0.0,0.5415
b0871,b1679,1.0,0.5,1.0,1.0,1.0,1.0,-0.0,-0.0,0.5415
b0871,b1679,1.0,0.7,1.0,1.0,1.0,1.0,-0.0,-0.0,0.5415
b0871,b1679,1.0,1.0,1.0,1.0,1.0,1.0,-0.0,-0.0,0.5415
b0871,b1727,0.5,0.5,1.0,1.0,1.0,1.0,-0.0,-0.0,0.5415
b0871,b1727,0.5,0.7,1.0,1.0,1.0,1.0,-0.0,-0.0,0.5415
b0871,b1727,0.5,1.0,1.0,1.0,1.0,1.0,-0.0,-0.0,0.5415
b0871,b1727,0.7,0.5,1.0,1.0,1.0,1.0,-0.0,-0.0,0.5415
b0871,b1727,0.7,0.7,1.0,1.0,1.0,1.0,-0.0,-0.0,0.5415
b0871,b1727,0.7,1.0,1.0,1.0,1.0,1.0,-0.0,-0.0,0.5415
b0871,b1727,1.0,0.5,1.0,1.0,1.0,1.0,-0.0,-0.0,0.5415
b0871,b1727,1.0,0.7,1.0,1.0,1.0,1.0,-0.0,-0.0,0.5415
b0871,b1727,1.0,1.0,1.0,1.0,1.0,1.0,-0.0,-0.0,0.5415
b0871,b1738,0.5,0.5,1.0,1.0,1.0,1.0,-0.0,-0.0,0.5415
b0871,b1738,0.5,0.7,1.0,1.0,1.0,1.0,-0.0,-0.0,0.5415
b0871,b1738,0.5,1.0,1.0,1.0,1.0,1.0,-0.0,-0.0,0.5415
b0871,b1738,0.7,0.5,1.0,1.0,1.0,1.0,-0.0,-0.0,0.5415
b0871,b1738,0.7,0.7,1.0,1.0,1.0,1.0,-0.0,-0.0,0.5415
b0871,b1738,0.7,1.0,1.0,1.0,1.0,1.0,-0.0,-0.0,0.5415
b0871,b1738,1.0,0.5,1.0,1.0,1.0,1.0,-0.0,-0.0,0.5415
b0871,b1738,1.0,0.7,1.0,1.0,1.0,1.0,-0.0,-0.0,0.5415
b0871,b1738,1.0,1.0,1.0,1.0,1.0,1.0,-0.0,-0.0,0.5415
b0871,b1812,0.5,0.5,1.0,1.0,1.0,1.0,-0.0,-0.0,0.5415
b0871,b1812,0.5,0.7,1.0,1.0,1.0,1.0,-0.0,-0.0,0.5415
b0871,b1812,0.5,1.0,1.0,-0.0,0.0,-0.0,-0.0,1.0,0.5415
b0871,b1812,0.7,0.5,1.0,1.0,1.0,1.0,-0.0,-0.0,0.5415
b0871,b1812,0.7,0.7,1.0,1.0,1.0,1.0,-0.0,-0.0,0.5415
b0871,b1812,0.7,1.0,1.0,-0.0,0.0,-0.0,-0.0,1.0,0.5415
b0871,b1812,1.0,0.5,1.0,1.0,1.0,1.0,-0.0,-0.0,0.5415
b0871,b1812,1.0,0.7,1.0,1.0,1.0,1.0,-0.0,-0.0,0.5415
b0871,b1812,1.0,1.0,1.0,-0.0,0.0,-0.0,-0.0,1.0,0.5415
b0871,b2034,0.5,0.5,1.0,1.0,1.0,1.0,-0.0,-0.0,0.5415
b0871,b2034,0.5,0.7,1.0,1.0,1.0,1.0,-0.0,-0.0,0.5415
b0871,b2034,0.5,1.0,1.0,1.0,1.0,1.0,-0.0,-0.0,0.5415
b0871,b2034,0.7,0.5,1.0,1.0,1.0,1.0,-0.0,-0.0,0.5415
b0871,b2034,0.7,0.7,1.0,1.0,1.0,1.0,-0.0,-0.0,0.5415
b0871,b2034,0.7,1.0,1.0,1.0,1.0,1.0,-0.0,-0.0,0.5415
b0871,b2034,1.0,0.5,1.0,1.0,1.0,1.0,-0.0,-0.0,0.5415
b0871,b2034,1.0,0.7,1.0,1.0,1.0,1.0,-0.0,-0.0,0.5415
b0871,b2034,1.0,1.0,1.0,1.0,1.0,1.0,-0.0,-0.0,0.5415
b0871,b2131,0.5,0.5,1.0,1.0,1.0,1.0,-0.0,-0.0,0.5415
b0871,b2131,0.5,0.7,1.0,1.0,1.0,1.0,-0.0,-0.0,0.5415
b0871,b2131,0.5,1.0,1.0,1.0,1.0,1.0,-0.0,-0.0,0.5415
b0871,b2131,0.7,0.5,1.0,1.0,1.0,1.0,-0.0,-0.0,0.5415
b0871,b2131,0.7,0.7,1.0,1.0,1.0,1.0,-0.0,-0.0,0.5415
b0871,b2131,0.7,1.0,1.0,1.0,1.0,1.0,-0.0,-0.0,0.5415
b0871,b2131,1.0,0.5,1.0,1.0,1.0,1.0,-0.0,-0.0,0.5415
b0871,b2131,1.0,0.7,1.0,1.0,1.0,1.0,-0.0,-0.0,0.5415
b0871,b2131,1.0,1.0,1.0,1.0,1.0,1.0,-0.0,-0.0,0.5415
b0871,b2291,0.5,0.5,1.0,1.0,1.0,1.0,-0.0,-0.0,0.581
b0871,b2291,0.5,0.7,1.0,1.0,1.0,1.0,-0.0,-0.0,0.581
b0871,b2291,0.5,1.0,1.0,1.0,1.0,1.0,-0.0,-0.0,0.581
b0871,b2291,0.7,0.5,1.0,1.0,1.0,1.0,-0.0,-0.0,0.581
b0871,b2291,0.7,0.7,1.0,1.0,1.0,1.0,-0.0,-0.0,0.581
b0871,b2291,0.7,1.0,1.0,1.0,1.0,1.0,-0.0,-0.0,0.581
b0871,b2291,1.0,0.5,1.0,1.0,1.0,1.0,-0.0,-0.0,0.581
b0871,b2291,1.0,0.7,1.0,1.0,1.0,1.0,-0.0,-0.0,0.581
b0871,b2291,1.0,1.0,1.0,1.0,1.0,1.0,-0.0,-0.0,0.581
b1389,b1535,0.5,0.5,1.0,1.0,1.0,1.0,-0.0,-0.0,0.4665
b1389,b1535,0.5,0.7,1.0,1.0,1.0,1.0,-0.0,-0.0,0.4665
b1389,b1535,0.5,1.0,1.0,1.0,1.0,1.0,-0.0,-0.0,0.4665
b1389,b1535,0.7,0.5,1.0,1.0,1.0,1.0,-0.0,-0.0,0.4665
b1389,b1535,0.7,0.7,1.0,1.0,1.0,1.0,-0.0,-0.0,0.4665
b1389,b1535,0.7,1.0,1.0,1.0,1.0,1.0,-0.0,-0.0,0.4665
b1389,b1535,1.0,0.5,1.0,1.0,1.0,1.0,-0.0,-0.0,0.4665
b1389,b1535,1.0,0.7,1.0,1.0,1.0,1.0,-0.0,-0.0,0.4665
b1389,b1535,1.0,1.0,1.0,1.0,1.0,1.0,-0.0,-0.0,0.4665
b1389,b1662,0.5,0.5,1.0,1.0,1.0,1.0,-0.0,-0.0,0.0715
b1389,b1662,0.5,0.7,1.0,1.0,1.0,1.0,-0.0,-0.0,0.0715
b1389,b1662,0.5,1.0,1.0,-0.0,-0.0,-0.0,0.0,1.0,0.0715
b1389,b1662,0.7,0.5,1.0,1.0,1.0,1.0,-0.0,-0.0,0.0715
b1389,b1662,0.7,0.7,1.0,1.0,1.0,1.0,-0.0,-0.0,0.0715
b1389,b1662,0.7,1.0,1.0,-0.0,-0.0,-0.0,0.0,1.0,0.0715
b1389,b1662,1.0,0.5,1.0,1.0,1.0,1.0,-0.0,-0.0,0.0715
b1389,b1662,1.0,0.7,1.0,1.0,1.0,1.0,-0.0,-0.0,0.0715
b1389,b1662,1.0,1.0,1.0,-0.0,-0.0,-0.0,0.0,1.0,0.0715
b1389,b1679,0.5,0.5,1.0,1.0,1.0,1.0,-0.0,-0.0,0.0715
b1389,b1679,0.5,0.7,1.0,1.0,1.0,1.0,-0.0,-0.0,0.0715
b1389,b1679,0.5,1.0,1.0,1.0,1.0,1.0,-0.0,-0.0,0.0715
b1389,b1679,0.7,0.5,1.0,1.0,1.0,1.0,-0.0,-0.0,0.0715
b1389,b1679,0.7,0.7,1.0,1.0,1.0,1.0,-0.0,-0.0,0.0715
b1389,b1679,0.7,1.0,1.0,1.0,1.0,1.0,-0.0,-0.0,0.0715
b1389,b1679,1.0,0.5,1.0,1.0,1.0,1.0,-0.0,-0.0,0.0715
b1389,b1679,1.0,0.7,1.0,1.0,1.0,1.0,-0.0,-0.0,0.0715
b1389,b1679,1.0,1.0,1.0,1.0,1.0,1.0,-0.0,-0.0,0.0715
b1389,b1727,0.5,0.5,1.0,1.0,1.0,1.0,-0.0,-0.0,0.0715
b1389,b1727,0.5,0.7,1.0,1.0,1.0,1.0,-0.0,-0.0,0.0715
b1389,b1727,0.5,1.0,1.0,1.0,1.0,1.0,-0.0,-0.0,0.0715
b1389,b1727,0.7,0.5,1.0,1.0,1.0,1.0,-0.0,-0.0,0.0715
b1389,b1727,0.7,0.7,1.0,1.0,1.0,1.0,-0.0,-0.0,0.0715
b1389,b1727,0.7,1.0,1.0,1.0,1.0,1.0,-0.0,-0.0,0.0715
b1389,b1727,1.0,0.5,1.0,1.0,1.0,1.0,-0.0,-0.0,0.0715
b1389,b1727,1.0,0.7,1.0,1.0,1.0,1.0,-0.0,-0.0,0.0715
b1389,b1727,1.0,1.0,1.0,1.0,1.0,1.0,-0.0,-0.0,0.0715
b1389,b1738,0.5,0.5,1.0,1.0,1.0,1.0,-0.0,-0.0,0.0715
b1389,b1738,0.5,0.7,1.0,1.0,1.0,1.0,-0.0,-0.0,0.0715
b1389,b1738,0.5,1.0,1.0,1.0,1.0,1.0,-0.0,-0.0,0.0715
b1389,b1738,0.7,0.5,1.0,1.0,1.0,1.0,-0.0,-0.0,0.0715
b1389,b1738,0.7,0.7,1.0,1.0,1.0,1.0,-0.0,-0.0,0.0715
b1389,b1738,0.7,1.0,1.0,1.0,1.0,1.0,-0.0,-0.0,0.0715
b1389,b1738,1.0,0.5,1.0,1.0,1.0,1.0,-0.0,-0.0,0.0715
b1389,b1738,1.0,0.7,1.0,1.0,1.0,1.0,-0.0,-0.0,0.0715
b1389,b1738,1.0,1.0,1.0,1.0,1.0,1.0,-0.0,-0.0,0.0715
b1389,b1812,0.5,0.5,1.0,1.0,1.0,1.0,-0.0,-0.0,0.0715
b1389,b1812,0.5,0.7,1.0,1.0,1.0,1.0,-0.0,-0.0,0.0715
b1389,b1812,0.5,1.0,1.0,-0.0,0.0,-0.0,-0.0,1.0,0.0715
b1389,b1812,0.7,0.5,1.0,1.0,1.0,1.0,-0.0,-0.0,0.0715
b1389,b1812,0.7,0.7,1.0,1.0,1.0,1.0,-0.0,-0.0,0.0715
b1389,b1812,0.7,1.0,1.0,-0.0,0.0,-0.0,-0.0,1.0,0.0715
b1389,b1812,1.0,0.5,1.0,1.0,1.0,1.0,-0.0,-0.0,0.0715
b1389,b1812,1.0,0.7,1.0,1.0,1.0,1.0,-0.0,-0.0,0.0715
b1389,b1812,1.0,1.0,1.0,-0.0,0.0,-0.0,-0.0,1.0,0.0715
b1389,b2034,0.5,0.5,1.0,1.0,1.0,1.0,-0.0,-0.0,0.0715
b1389,b2034,0.5,0.7,1.0,1.0,1.0,1.0,-0.0,-0.0,0.0715
b1389,b2034,0.5,1.0,1.0,1.0,1.0,1.0,-0.0,-0.0,0.0715
b1389,b2034,0.7,0.5,1.0,1.0,1.0,1.0,-0.0,-0.0,0.0715
b1389,b2034,0.7,0.7,1.0,1.0,1.0,1.0,-0.0,-0.0,0.0715
b1389,b2034,0.7,1.0,1.0,1.0,1.0,1.0,-0.0,-0.0,0.0715
b1389,b2034,1.0,0.5,1.0,1.0,1.0,1.0,-0.0,-0.0,0.0715
b1389,b2034,1.0,0.7,1.0,1.0,1.0,1.0,-0.0,-0.0,0.0715
b1389,b2034,1.0,1.0,1.0,1.0,1.0,1.0,-0.0,-0.0,0.0715
b1389,b2131,0.5,0.5,1.0,1.0,1.0,1.0,-0.0,-0.0,0.0715
b1389,b2131,0.5,0.7,1.0,1.0,1.0,1.0,-0.0,-0.0,0.0715
b1389,b2131,0.5,1.0,1.0,1.0,1.0,1.0,-0.0,-0.0,0.0715
b1389,b2131,0.7,0.5,1.0,1.0,1.0,1.0,-0.0,-0.0,0.0715
b1389,b2131,0.7,0.7,1.0,1.0,1.0,1.0,-0.0,-0.0,0.0715
b1389,b2131,0.7,1.0,1.0,1.0,1.0,1.0,-0.0,-0.0,0.0715
b1389,b2131,1.0,0.5,1.0,1.0,1.0,1.0,-0.0,-0.0,0.0715
b1389,b2131,1.0,0.7,1.0,1.0,1.0,1.0,-0.0,-0.0,0.0715
b1389,b2131,1.0,1.0,1.0,1.0,1.0,1.0,-0.0,-0.0,0.0715
b1389,b2291,0.5,0.5,1.0,1.0,1.0,1.0,-0.0,-0.0,0.4665
b1389,b2291,0.5,0.7,1.0,1.0,1.0,1.0,-0.0,-0.0,0.4665
b1389,b2291,0.5,1.0,1.0,1.0,1.0,1.0,-0.0,-0.0,0.4665
b1389,b2291,0.7,0.5,1.0,1.0,1.0,1.0,-0.0,-0.0,0.4665
b1389,b2291,0.7,0.7,1.0,1.0,1.0,1.0,-0.0,-0.0,0.4665
b1389,b2291,0.7,1.0,1.0,1.0,1.0,1.0,-0.0,-0.0,0.4665
b1389,b2291,1.0,0.5,1.0,1.0,1.0,1.0,-0.0,-0.0,0.4665
b1389,b2291,1.0,0.7,1.0,1.0,1.0,1.0,-0.0,-0.0,0.4665
b1389,b2291,1.0,1.0,1.0,1.0,1.0,1.0,-0.0,-0.0,0.4665
b1535,b1662,0.5,0.5,1.0,1.0,1.0,1.0,-0.0,-0.0,0.4665
b1535,b1662,0.5,0.7,1.0,1.0,1.0,1.0,-0.0,-0.0,0.4665
b1535,b1662,0.5,1.0,1.0,-0.0,-0.0,-0.0,0.0,1.0,0.4665
b1535,b1662,0.7,0.5,1.0,1.0,1.0,1.0,-0.0,-0.0,0.4665
b1535,b1662,0.7,0.7,1.0,1.0,1.0,1.0,-0.0,-0.0,0.4665
b1535,b1662,0.7,1.0,1.0,-0.0,-0.0,-0.0,0.0,1.0,0.4665
b1535,b1662,1.0,0.5,1.0,1.0,1.0,1.0,-0.0,-0.0,0.4665
b1535,b1662,1.0,0.7,1.0,1.0,1.0,1.0,-0.0,-0.0,0.4665
b1535,b1662,1.0,1.0,1.0,-0.0,-0.0,-0.0,0.0,1.0,0.4665
b1535,b1679,0.5,0.5,1.0,1.0,1.0,1.0,-0.0,-0.0,0.4665
b1535,b1679,0.5,0.7,1.0,1.0,1.0,1.0,-0.0,-0.0,0.4665
b1535,b1679,0.5,1.0,1.0,1.0,1.0,1.0,-0.0,-0.0,0.4665
b1535,b1679,0.7,0.5,1.0,1.0,1.0,1.0,-0.0,-0.0,0.4665
b1535,b1679,0.7,0.7,1.0,1.0,1.0,1.0,-0.0,-0.0,0.4665
b1535,b1679,0.7,1.0,1.0,1.0,1.0,1.0,-0.0,-0.0,0.4665
b1535,b1679,1.0,0.5,1.0,1.0,1.0,1.0,-0.0,-0.0,0.4665
b1535,b1679,1.0,0.7,1.0,1.0,1.0,1.0,-0.0,-0.0,0.4665
b1535,b1679,1.0,1.0,1.0,1.0,1.0,1.0,-0.0,-0.0,0.4665
b1535,b1727,0.5,0.5,1.0,1.0,1.0,1.0,-0.0,-0.0,0.4665
b1535,b1727,0.5,0.7,1.0,1.0,1.0,1.0,-0.0,-0.0,0.4665
b1535,b1727,0.5,1.0,1.0,1.0,1.0,1.0,-0.0,-0.0,0.4665
b1535,b1727,0.7,0.5,1.0,1.0,1.0,1.0,-0.0,-0.0,0.4665
b1535,b1727,0.7,0.7,1.0,1.0,1.0,1.0,-0.0,-0.0,0.4665
b1535,b1727,0.7,1.0,1.0,1.0,1.0,1.0,-0.0,-0.0,0.4665
b1535,b1727,1.0,0.5,1.0,1.0,1.0,1.0,-0.0,-0.0,0.4665
b1535,b1727,1.0,0.7,1.0,1.0,1.0,1.0,-0.0,-0.0,0.4665
b1535,b1727,1.0,1.0,1.0,1.0,1.0,1.0,-0.0,-0.0,0.4665
b1535,b1738,0.5,0.5,1.0,1.0,1.0,1.0,-0.0,-0.0,0.4665
b1535,b1738,0.5,0.7,1.0,1.0,1.0,1.0,-0.0,-0.0,0.4665
b1535,b1738,0.5,1.0,1.0,1.0,1.0,1.0,-0.0,-0.0,0.4665
b1535,b1738,0.7,0.5,1.0,1.0,1.0,1.0,-0.0,-0.0,0.4665
b1535,b1738,0.7,0.7,1.0,1.0,1.0,1.0,-0.0,-0.0,0.4665
b1535,b1738,0.7,1.0,1.0,1.0,1.0,1.0,-0.0,-0.0,0.4665
b1535,b1738,1.0,0.5,1.0,1.0,1.0,1.0,-0.0,-0.0,0.4665
b1535,b1738,1.0,0.7,1.0,1.0,1.0,1.0,-0.0,-0.0,0.4665
b1535,b1738,1.0,1.0,1.0,1.0,1.0,1.0,-0.0,-0.0,0.4665
b1535,b1812,0.5,0.5,1.0,1.0,1.0,1.0,-0.0,-0.0,0.4665
b1535,b1812,0.5,0.7,1.0,1.0,1.0,1.0,-0.0,-0.0,0.4665
b1535,b1812,0.5,1.0,1.0,-0.0,0.0,-0.0,-0.0,1.0,0.4665
b1535,b1812,0.7,0.5,1.0,1.0,1.0,1.0,-0.0,-0.0,0.4665
b1535,b1812,0.7,0.7,1.0,1.0,1.0,1.0,-0.0,-0.0,0.4665
b1535,b1812,0.7,1.0,1.0,-0.0,0.0,-0.0,-0.0,1.0,0.4665
b1535,b1812,1.0,0.5,1.0,1.0,1.0,1.0,-0.0,-0.0,0.4665
b1535,b1812,1.0,0.7,1.0,1.0,1.0,1.0,-0.0,-0.0,0.4665
b1535,b1812,1.0,1.0,1.0,-0.0,0.0,-0.0,-0.0,1.0,0.4665
b1535,b2034,0.5,0.5,1.0,1.0,1.0,1.0,-0.0,-0.0,0.4665
b1535,b2034,0.5,0.7,1.0,1.0,1.0,1.0,-0.0,-0.0,0.4665
b1535,b2034,0.5,1.0,1.0,1.0,1.0,1.0,-0.0,-0.0,0.4665
b1535,b2034,0.7,0.5,1.0,1.0,1.0,1.0,-0.0,-0.0,0.4665
b1535,b2034,0.7,0.7,1.0,1.0,1.0,1.0,-0.0,-0.0,0.4665
b1535,b2034,0.7,1.0,1.0,1.0,1.0,1.0,-0.0,-0.0,0.4665
b1535,b2034,1.0,0.5,1.0,1.0,1.0,1.0,-0.0,-0.0,0.4665
b1535,b2034,1.0,0.7,1.0,1.0,1.0,1.0,-0.0,-0.0,0.4665
b1535,b2034,1.0,1.0,1.0,1.0,1.0,1.0,-0.0,-0.0,0.4665
b1535,b2131,0.5,0.5,1.0,1.0,1.0,1.0,-0.0,-0.0,0.4665
b1535,b2131,0.5,0.7,1.0,1.0,1.0,1.0,-0.0,-0.0,0.4665
b1535,b2131,0.5,1.0,1.0,1.0,1.0,1.0,-0.0,-0.0,0.4665
b1535,b2131,0.7,0.5,1.0,1.0,1.0,1.0,-0.0,-0.0,0.4665
b1535,b2131,0.7,0.7,1.0,1.0,1.0,1.0,-0.0,-0.0,0.4665
b1535,b2131,0.7,1.0,1.0,1.0,1.0,1.0,-0.0,-0.0,0.4665
b1535,b2131,1.0,0.5,1.0,1.0,1.0,1.0,-0.0,-0.0,0.4665
b1535,b2131,1.0,0.7,1.0,1.0,1.0,1.0,-0.0,-0.0,0.4665
b1535,b2131,1.0,1.0,1.0,1.0,1.0,1.0,-0.0,-0.0,0.4665
b1535,b2291,0.5,0.5,1.0,1.0,1.0,1.0,-0.0,-0.0,0.506
b1535,b2291,0.5,0.7,1.0,1.0,1.0,1.0,-0.0,-0.0,0.506
b1535,b2291,0.5,1.0,1.0,1.0,1.0,1.0,-0.0,-0.0,0.506
b1535,b2291,0.7,0.5,1.0,1.0,1.0,1.0,-0.0,-0.0,0.506
b1535,b2291,0.7,0.7,1.0,1.0,1.0,1.0,-0.0,-0.0,0.506
b1535,b2291,0.7,1.0,1.0,1.0,1.0,1.0,-0.0,-0.0,0.506
b1535,b2291,1.0,0.5,1.0,1.0,1.0,1.0,-0.0,-0.0,0.506
b1535,b2291,1.0,0.7,1.0,1.0,1.0,1.0,-0.0,-0.0,0.506
b1535,b2291,1.0,1.0,1.0,1.0,1.0,1.0,-0.0,-0.0,0.506
b1662,b1679,0.5,0.5,1.0,1.0,1.0,1.0,-0.0,-0.0,0.0715
b1662,b1679,0.5,0.7,1.0,1.0,1.0,1.0,-0.0,-0.0,0.0715
b1662,b1679,0.5,1.0,1.0,1.0,1.0,1.0,-0.0,-0.0,0.0715
b1662,b1679,0.7,0.5,1.0,1.0,1.0,1.0,-0.0,-0.0,0.0715
b1662,b1679,0.7,0.7,1.0,1.0,1.0,1.0,-0.0,-0.0,0.0715
b1662,b1679,0.7,1.0,1.0,1.0,1.0,1.0,-0.0,-0.0,0.0715
b1662,b1679,1.0,0.5,-0.0,1.0,-0.0,-0.0,0.0,1.0,0.0715
b1662,b1679,1.0,0.7,-0.0,1.0,0.0,-0.0,-0.0,1.0,0.0715
b1662,b1679,1.0,1.0,-0.0,1.0,0.0,-0.0,-0.0,1.0,0.0715
b1662,b1727,0.5,0.5,1.0,1.0,1.0,1.0,-0.0,-0.0,0.0715
b1662,b1727,0.5,0.7,1.0,1.0,1.0,1.0,-0.0,-0.0,0.0715
b1662,b1727,0.5,1.0,1.0,1.0,1.0,1.0,-0.0,-0.0,0.0715
b1662,b1727,0.7,0.5,1.0,1.0,1.0,1.0,-0.0,-0.0,0.0715
b1662,b1727,0.7,0.7,1.0,1.0,1.0,1.0,-0.0,-0.0,0.0715
b1662,b1727,0.7,1.0,1.0,1.0,1.0,1.0,-0.0,-0.0,0.0715
b1662,b1727,1.0,0.5,-0.0,1.0,-0.0,-0.0,0.0,1.0,0.0715
b1662,b1727,1.0,0.7,-0.0,1.0,0.0,-0.0,-0.0,1.0,0.0715
b1662,b1727,1.0,1.0,-0.0,1.0,0.0,-0.0,-0.0,1.0,0.0715
b1662,b1738,0.5,0.5,1.0,1.0,1.0,1.0,-0.0,-0.0,0.0715
b1662,b1738,0.5,0.7,1.0,1.0,1.0,1.0,-0.0,-0.0,0.0715
b1662,b1738,0.5,1.0,1.0,1.0,1.0,1.0,-0.0,-0.0,0.0715
b1662,b1738,0.7,0.5,1.0,1.0,1.0,1.0,-0.0,-0.0,0.0715
b1662,b1738,0.7,0.7,1.0,1.0,1.0,1.0,-0.0,-0.0,0.0715
b1662,b1738,0.7,1.0,1.0,1.0,1.0,1.0,-0.0,-0.0,0.0715
b1662,b1738,1.0,0.5,-0.0,1.0,-0.0,-0.0,0.0,1.0,0.0715
b1662,b1738,1.0,0.7,-0.0,1.0,0.0,-0.0,-0.0,1.0,0.0715
b1662,b1738,1.0,1.0,-0.0,1.0,0.0,-0.0,-0.0,1.0,0.0715
b1662,b1812,0.5,0.5,1.0,1.0,1.0,1.0,-0.0,-0.0,0.0715
b1662,b1812,0.5,0.7,1.0,1.0,1.0,1.0,-0.0,-0.0,0.0715
b1662,b1812,0.5,1.0,1.0,-0.0,0.0,-0.0,-0.0,1.0,0.0715
b1662,b1812,0.7,0.5,1.0,1.0,1.0,1.0,-0.0,-0.0,0.0715
b1662,b1812,0.7,0.7,1.0,1.0,1.0,1.0,-0.0,-0.0,0.0715
b1662,b1812,0.7,1.0,1.0,-0.0,0.0,-0.0,-0.0,1.0,0.0715
b1662,b1812,1.0,0.5,-0.0,1.0,-0.0,-0.0,0.0,1.0,0.0715
b1662,b1812,1.0,0.7,-0.0,1.0,0.0,-0.0,-0.0,1.0,0.0715
b1662,b1812,1.0,1.0,-0.0,-0.0,0.0,0.0,0.0,1.0,0.0715
b1662,b2034,0.5,0.5,1.0,1.0,1.0,1.0,-0.0,-0.0,0.0715
b1662,b2034,0.5,0.7,1.0,1.0,1.0,1.0,-0.0,-0.0,0.0715
b1662,b2034,0.5,1.0,1.0,1.0,1.0,1.0,-0.0,-0.0,0.0715
b1662,b2034,0.7,0.5,1.0,1.0,1.0,1.0,-0.0,-0.0,0.0715
b1662,b2034,0.7,0.7,1.0,1.0,1.0,1.0,-0.0,-0.0,0.0715
b1662,b2034,0.7,1.0,1.0,1.0,1.0,1.0,-0.0,-0.0,0.0715
b1662,b2034,1.0,0.5,-0.0,1.0,-0.0,-0.0,0.0,1.0,0.0715
b1662,b2034,1.0,0.7,-0.0,1.0,0.0,-0.0,-0.0,1.0,0.0715
b1662,b2034,1.0,1.0,-0.0,1.0,0.0,-0.0,-0.0,1.0,0.0715
b1662,b2131,0.5,0.5,1.0,1.0,1.0,1.0,-0.0,-0.0,0.0715
b1662,b2131,0.5,0.7,1.0,1.0,1.0,1.0,-0.0,-0.0,0.0715
b1662,b2131,0.5,1.0,1.0,1.0,1.0,1.0,-0.0,-0.0,0.0715
b1662,b2131,0.7,0.5,1.0,1.0,1.0,1.0,-0.0,-0.0,0.0715
b1662,b2131,0.7,0.7,1.0,1.0,1.0,1.0,-0.0,-0.0,0.0715
b1662,b2131,0.7,1.0,1.0,1.0,1.0,1.0,-0.0,-0.0,0.0715
b1662,b2131,1.0,0.5,-0.0,1.0,-0.0,-0.0,0.0,1.0,0.0715
b1662,b2131,1.0,0.7,-0.0,1.0,0.0,-0.0,-0.0,1.0,0.0715
b1662,b2131,1.0,1.0,-0.0,1.0,0.0,-0.0,-0.0,1.0,0.0715
b1662,b2291,0.5,0.5,1.0,1.0,1.0,1.0,-0.0,-0.0,0.4665
b1662,b2291,0.5,0.7,1.0,1.0,1.0,1.0,-0.0,-0.0,0.4665
b1662,b2291,0.5,1.0,1.0,1.0,1.0,1.0,-0.0,-0.0,0.4665
b1662,b2291,0.7,0.5,1.0,1.0,1.0,1.0,-0.0,-0.0,0.4665
b1662,b2291,0.7,0.7,1.0,1.0,1.0,1.0,-0.0,-0.0,0.4665
b1662,b2291,0.7,1.0,1.0,1.0,1.0,1.0,-0.0,-0.0,0.4665
b1662,b2291,1.0,0.5,-0.0,1.0,-0.0,-0.0,0.0,1.0,0.4665
b1662,b2291,1.0,0.7,-0.0,1.0,0.0,-0.0,-0.0,1.0,0.4665
b1662,b2291,1.0,1.0,-0.0,1.0,0.0,-0.0,-0.0,1.0,0.4665
b1679,b1727,0.5,0.5,1.0,1.0,1.0,1.0,-0.0,-0.0,0.0715
b1679,b1727,0.5,0.7,1.0,1.0,1.0,1.0,-0.0,-0.0,0.0715
b1679,b1727,0.5,1.0,1.0,1.0,1.0,1.0,-0.0,-0.0,0.0715
b1679,b1727,0.7,0.5,1.0,1.0,1.0,1.0,-0.0,-0.0,0.0715
b1679,b1727,0.7,0.7,1.0,1.0,1.0,1.0,-0.0,-0.0,0.0715
b1679,b1727,0.7,1.0,1.0,1.0,1.0,1.0,-0.0,-0.0,0.0715
b1679,b1727,1.0,0.5,1.0,1.0,1.0,1.0,-0.0,-0.0,0.0715
b1679,b1727,1.0,0.7,1.0,1.0,1.0,1.0,-0.0,-0.0,0.0715
b1679,b1727,1.0,1.0,1.0,1.0,1.0,1.0,-0.0,-0.0,0.0715
b1679,b1738,0.5,0.5,1.0,1.0,1.0,1.0,-0.0,-0.0,0.0715
b1679,b1738,0.5,0.7,1.0,1.0,1.0,1.0,-0.0,-0.0,0.0715
b1679,b1738,0.5,1.0,1.0,1.0,1.0,1.0,-0.0,-0.0,0.0715
b1679,b1738,0.7,0.5,1.0,1.0,1.0,1.0,-0.0,-0.0,0.0715
b1679,b1738,0.7,0.7,1.0,1.0,1.0,1.0,-0.0,-0.0,0.0715
b1679,b1738,0.7,1.0,1.0,1.0,1.0,1.0,-0.0,-0.0,0.0715
b1679,b1738,1.0,0.5,1.0,1.0,1.0,1.0,-0.0,-0.0,0.0715
b1679,b1738,1.0,0.7,1.0,1.0,1.0,1.0,-0.0,-0.0,0.0715
b1679,b1738,1.0,1.0,1.0,1.0,1.0,1.0,-0.0,-0.0,0.0715
b1679,b1812,0.5,0.5,1.0,1.0,1.0,1.0,-0.0,-0.0,0.0715
b1679,b1812,0.5,0.7,1.0,1.0,1.0,1.0,-0.0,-0.0,0.0715
b1679,b1812,0.5,1.0,1.0,-0.0,0.0,-0.0,-0.0,1.0,0.0715
b1679,b1812,0.7,0.5,1.0,1.0,1.0,1.0,-0.0,-0.0,0.0715
b1679,b1812,0.7,0.7,1.0,1.0,1.0,1.0,-0.0,-0.0,0.0715
b1679,b1812,0.7,1.0,1.0,-0.0,0.0,-0.0,-0.0,1.0,0.0715
b1679,b1812,1.0,0.5,1.0,1.0,1.0,1.0,-0.0,-0.0,0.0715
b1679,b1812,1.0,0.7,1.0,1.0,1.0,1.0,-0.0,-0.0,0.0715
b1679,b1812,1.0,1.0,1.0,-0.0,0.0,-0.0,-0.0,1.0,0.0715
b1679,b2034,0.5,0.5,1.0,1.0,1.0,1.0,-0.0,-0.0,0.0715
b1679,b2034,0.5,0.7,1.0,1.0,1.0,1.0,-0.0,-0.0,0.0715
b1679,b2034,0.5,1.0,1.0,1.0,1.0,1.0,-0.0,-0.0,0.0715
b1679,b2034,0.7,0.5,1.0,1.0,1.0,1.0,-0.0,-0.0,0.0715
b1679,b2034,0.7,0.7,1.0,1.0,1.0,1.0,-0.0,-0.0,0.0715
b1679,b2034,0.7,1.0,1.0,1.0,1.0,1.0,-0.0,-0.0,0.0715
b1679,b2034,1.0,0.5,1.0,1.0,1.0,1.0,-0.0,-0.0,0.0715
b1679,b2034,1.0,0.7,1.0,1.0,1.0,1.0,-0.0,-0.0,0.0715
b1679,b2034,1.0,1.0,1.0,1.0,1.0,1.0,-0.0,-0.0,0.0715
b1679,b2131,0.5,0.5,1.0,1.0,1.0,1.0,-0.0,-0.0,0.0715
b1679,b2131,0.5,0.7,1.0,1.0,1.0,1.0,-0.0,-0.0,0.0715
b1679,b2131,0.5,1.0,1.0,1.0,1.0,1.0,-0.0,-0.0,0.0715
b1679,b2131,0.7,0.5,1.0,1.0,1.0,1.0,-0.0,-0.0,0.0715
b1679,b2131,0.7,0.7,1.0,1.0,1.0,1.0,-0.0,-0.0,0.0715
b1679,b2131,0.7,1.0,1.0,1.0,1.0,1.0,-0.0,-0.0,0.0715
b1679,b2131,1.0,0.5,1.0,1.0,1.0,1.0,-0.0,-0.0,0.0715
b1679,b2131,1.0,0.7,1.0,1.0,1.0,1.0,-0.0,-0.0,0.0715
b1679,b2131,1.0,1.0,1.0,1.0,1.0,1.0,-0.0,-0.0,0.0715
b1679,b2291,0.5,0.5,1.0,1.0,1.0,1.0,-0.0,-0.0,0.4665
b1679,b2291,0.5,0.7,1.0,1.0,1.0,1.0,-0.0,-0.0,0.4665
b1679,b2291,0.5,1.0,1.0,1.0,1.0,1.0,-0.0,-0.0,0.4665
b1679,b2291,0.7,0.5,1.0,1.0,1.0,1.0,-0.0,-0.0,0.4665
b1679,b2291,0.7,0.7,1.0,1.0,1.0,1.0,-0.0,-0.0,0.4665
b1679,b2291,0.7,1.0,1.0,1.0,1.0,1.0,-0.0,-0.0,0.4665
b1679,b2291,1.0,0.5,1.0,1.0,1.0,1.0,-0.0,-0.0,0.4665
b1679,b2291,1.0,0.7,1.0,1.0,1.0,1.0,-0.0,-0.0,0.4665
b1679,b2291,1.0,1.0,1.0,1.0,1.0,1.0,-0.0,-0.0,0.4665
b1727,b1738,0.5,0.5,1.0,1.0,1.0,1.0,-0.0,-0.0,0.0715
b1727,b1738,0.5,0.7,1.0,1.0,1.0,1.0,-0.0,-0.0,0.0715
b1727,b1738,0.5,1.0,1.0,1.0,1.0,1.0,-0.0,-0.0,0.0715
b1727,b1738,0.7,0.5,1.0,1.0,1.0,1.0,-0.0,-0.0,0.0715
b1727,b1738,0.7,0.7,1.0,1.0,1.0,1.0,-0.0,-0.0,0.0715
b1727,b1738,0.7,1.0,1.0,1.0,1.0,1.0,-0.0,-0.0,0.0715
b1727,b1738,1.0,0.5,1.0,1.0,1.0,1.0,-0.0,-0.0,0.0715
b1727,b1738,1.0,0.7,1.0,1.0,1.0,1.0,-0.0,-0.0,0.0715
b1727,b1738,1.0,1.0,1.0,1.0,1.0,1.0,-0.0,-0.0,0.0715
b1727,b1812,0.5,0.5,1.0,1.0,1.0,1.0,-0.0,-0.0,0.0715
b1727,b1812,0.5,0.7,1.0,1.0,1.0,1.0,-0.0,-0.0,0.0715
b1727,b1812,0.5,1.0,1.0,-0.0,0.0,-0.0,-0.0,1.0,0.0715
b1727,b1812,0.7,0.5,1.0,1.0,1.0,1.0,-0.0,-0.0,0.0715
b1727,b1812,0.7,0.7,1.0,1.0,1.0,1.0,-0.0,-0.0,0.0715
b1727,b1812,0.7,1.0,1.0,-0.0,0.0,-0.0,-0.0,1.0,0.0715
b1727,b1812,1.0,0.5,1.0,1.0,1.0,1.0,-0.0,-0.0,0.0715
b1727,b1812,1.0,0.7,1.0,1.0,1.0,1.0,-0.0,-0.0,0.0715
b1727,b1812,1.0,1.0,1.0,-0.0,0.0,-0.0,-0.0,1.0,0.0715
b1727,b2034,0.5,0.5,1.0,1.0,1.0,1.0,-0.0,-0.0,0.0715
b1727,b2034,0.5,0.7,1.0,1.0,1.0,1.0,-0.0,-0.0,0.0715
b1727,b2034,0.5,1.0,1.0,1.0,1.0,1.0,-0.0,-0.0,0.0715
b1727,b2034,0.7,0.5,1.0,1.0,1.0,1.0,-0.0,-0.0,0.0715
b1727,b2034,0.7,0.7,1.0,1.0,1.0,1.0,-0.0,-0.0,0.0715
b1727,b2034,0.7,1.0,1.0,1.0,1.0,1.0,-0.0,-0.0,0.0715
b1727,b2034,1.0,0.5,1.0,1.0,1.0,1.0,-0.0,-0.0,0.0715
b1727,b2034,1.0,0.7,1.0,1.0,1.0,1.0,-0.0,-0.0,0.0715
b1727,b2034,1.0,1.0,1.0,1.0,1.0,1.0,-0.0,-0.0,0.0715
b1727,b2131,0.5,0.5,1.0,1.0,1.0,1.0,-0.0,-0.0,0.0715
b1727,b2131,0.5,0.7,1.0,1.0,1.0,1.0,-0.0,-0.0,0.0715
b1727,b2131,0.5,1.0,1.0,1.0,1.0,1.0,-0.0,-0.0,0.0715
b1727,b2131,0.7,0.5,1.0,1.0,1.0,1.0,-0.0,-0.0,0.0715
b1727,b2131,0.7,0.7,1.0,1.0,1.0,1.0,-0.0,-0.0,0.0715
b1727,b2131,0.7,1.0,1.0,1.0,1.0,1.0,-0.0,-0.0,0.0715
b1727,b2131,1.0,0.5,1.0,1.0,1.0,1.0,-0.0,-0.0,0.0715
b1727,b2131,1.0,0.7,1.0,1.0,1.0,1.0,-0.0,-0.0,0.0715
b1727,b2131,1.0,1.0,1.0,1.0,1.0,1.0,-0.0,-0.0,0.0715
b1727,b2291,0.5,0.5,1.0,1.0,1.0,1.0,-0.0,-0.0,0.4665
b1727,b2291,0.5,0.7,1.0,1.0,1.0,1.0,-0.0,-0.0,0.4665
b1727,b2291,0.5,1.0,1.0,1.0,1.0,1.0,-0.0,-0.0,0.4665
b1727,b2291,0.7,0.5,1.0,1.0,1.0,1.0,-0.0,-0.0,0.4665
b1727,b2291,0.7,0.7,1.0,1.0,1.0,1.0,-0.0,-0.0,0.4665
b1727,b2291,0.7,1.0,1.0,1.0,1.0,1.0,-0.0,-0.0,0.4665
b1727,b2291,1.0,0.5,1.0,1.0,1.0,1.0,-0.0,-0.0,0.4665
b1727,b2291,1.0,0.7,1.0,1.0,1.0,1.0,-0.0,-0.0,0.4665
b1727,b2291,1.0,1.0,1.0,1.0,1.0,1.0,-0.0,-0.0,0.4665
b1738,b1812,0.5,0.5,1.0,1.0,1.0,1.0,-0.0,-0.0,0.0715
b1738,b1812,0.5,0.7,1.0,1.0,1.0,1.0,-0.0,-0.0,0.0715
b1738,b1812,0.5,1.0,1.0,-0.0,0.0,-0.0,-0.0,1.0,0.0715
b1738,b1812,0.7,0.5,1.0,1.0,1.0,1.0,-0.0,-0.0,0.0715
b1738,b1812,0.7,0.7,1.0,1.0,1.0,1.0,-0.0,-0.0,0.0715
b1738,b1812,0.7,1.0,1.0,-0.0,0.0,-0.0,-0.0,1.0,0.0715
b1738,b1812,1.0,0.5,1.0,1.0,1.0,1.0,-0.0,-0.0,0.0715
b1738,b1812,1.0,0.7,1.0,1.0,1.0,1.0,-0.0,-0.0,0.0715
b1738,b1812,1.0,1.0,1.0,-0.0,0.0,-0.0,-0.0,1.0,0.0715
b1738,b2034,0.5,0.5,1.0,1.0,1.0,1.0,-0.0,-0.0,0.0715
b1738,b2034,0.5,0.7,1.0,1.0,1.0,1.0,-0.0,-0.0,0.0715
b1738,b2034,0.5,1.0,1.0,1.0,1.0,1.0,-0.0,-0.0,0.0715
b1738,b2034,0.7,0.5,1.0,1.0,1.0,1.0,-0.0,-0.0,0.0715
b1738,b2034,0.7,0.7,1.0,1.0,1.0,1.0,-0.0,-0.0,0.0715
b1738,b2034,0.7,1.0,1.0,1.0,1.0,1.0,-0.0,-0.0,0.0715
b1738,b2034,1.0,0.5,1.0,1.0,1.0,1.0,-0.0,-0.0,0.0715
b1738,b2034,1.0,0.7,1.0,1.0,1.0,1.0,-0.0,-0.0,0.0715
b1738,b2034,1.0,1.0,1.0,1.0,1.0,1.0,-0.0,-0.0,0.0715
b1738,b2131,0.5,0.5,1.0,1.0,1.0,1.0,-0.0,-0.0,0.0715
b1738,b2131,0.5,0.7,1.0,1.0,1.0,1.0,-0.0,-0.0,0.0715
b1738,b2131,0.5,1.0,1.0,1.0,1.0,1.0,-0.0,-0.0,0.0715
b1738,b2131,0.7,0.5,1.0,1.0,1.0,1.0,-0.0,-0.0,0.0715
b1738,b2131,0.7,0.7,1.0,1.0,1.0,1.0,-0.0,-0.0,0.0715
b1738,b2131,0.7,1.0,1.0,1.0,1.0,1.0,-0.0,-0.0,0.0715
b1738,b2131,1.0,0.5,1.0,1.0,1.0,1.0,-0.0,-0.0,0.0715
b1738,b2131,1.0,0.7,1.0,1.0,1.0,1.0,-0.0,-0.0,0.0715
b1738,b2131,1.0,1.0,1.0,1.0,1.0,1.0,-0.0,-0.0,0.0715
b1738,b2291,0.5,0.5,1.0,1.0,1.0,1.0,-0.0,-0.0,0.4665
b1738,b2291,0.5,0.7,1.0,1.0,1.0,1.0,-0.0,-0.0,0.4665
b1738,b2291,0.5,1.0,1.0,1.0,1.0,1.0,-0.0,-0.0,0.4665
b1738,b2291,0.7,0.5,1.0,1.0,1.0,1.0,-0.0,-0.0,0.4665
b1738,b2291,0.7,0.7,1.0,1.0,1.0,1.0,-0.0,-0.0,0.4665
b1738,b2291,0.7,1.0,1.0,1.0,1.0,1.0,-0.0,-0.0,0.4665
b1738,b2291,1.0,0.5,1.0,1.0,1.0,1.0,-0.0,-0.0,0.4665
b1738,b2291,1.0,0.7,1.0,1.0,1.0,1.0,-0.0,-0.0,0.4665
b1738,b2291,1.0,1.0,1.0,1.0,1.0,1.0,-0.0,-0.0,0.4665
b1812,b2034,0.5,0.5,1.0,1.0,1.0,1.0,-0.0,-0.0,0.0715
b1812,b2034,0.5,0.7,1.0,1.0,1.0,1.0,-0.0,-0.0,0.0715
b1812,b2034,0.5,1.0,1.0,1.0,1.0,1.0,-0.0,-0.0,0.0715
b1812,b2034,0.7,0.5,1.0,1.0,1.0,1.0,-0.0,-0.0,0.0715
b1812,b2034,0.7,0.7,1.0,1.0,1.0,1.0,-0.0,-0.0,0.0715
b1812,b2034,0.7,1.0,1.0,1.0,1.0,1.0,-0.0,-0.0,0.0715
b1812,b2034,1.0,0.5,-0.0,1.0,0.0,-0.0,-0.0,1.0,0.0715
b1812,b2034,1.0,0.7,-0.0,1.0,-0.0,-0.0,0.0,1.0,0.0715
b1812,b2034,1.0,1.0,-0.0,1.0,-0.0,-0.0,0.0,1.0,0.0715
b1812,b2131,0.5,0.5,1.0,1.0,1.0,1.0,-0.0,-0.0,0.0715
b1812,b2131,0.5,0.7,1.0,1.0,1.0,1.0,-0.0,-0.0,0.0715
b1812,b2131,0.5,1.0,1.0,1.0,1.0,1.0,-0.0,-0.0,0.0715
b1812,b2131,0.7,0.5,1.0,1.0,1.0,1.0,-0.0,-0.0,0.0715
b1812,b2131,0.7,0.7,1.0,1.0,1.0,1.0,-0.0,-0.0,0.0715
b1812,b2131,0.7,1.0,1.0,1.0,1.0,1.0,-0.0,-0.0,0.0715
b1812,b2131,1.0,0.5,-0.0,1.0,0.0,-0.0,-0.0,1.0,0.0715
b1812,b2131,1.0,0.7,-0.0,1.0,-0.0,-0.0,0.0,1.0,0.0715
b1812,b2131,1.0,1.0,-0.0,1.0,-0.0,-0.0,0.0,1.0,0.0715
b1812,b2291,0.5,0.5,1.0,1.0,1.0,1.0,-0.0,-0.0,0.4665
b1812,b2291,0.5,0.7,1.0,1.0,1.0,1.0,-0.0,-0.0,0.4665
b1812,b2291,0.5,1.0,1.0,1.0,1.0,1.0,-0.0,-0.0,0.4665
b1812,b2291,0.7,0.5,1.0,1.0,1.0,1.0,-0.0,-0.0,0.4665
b1812,b2291,0.7,0.7,1.0,1.0,1.0,1.0,-0.0,-0.0,0.4665
b1812,b2291,0.7,1.0,1.0,1.0,1.0,1.0,-0.0,-0.0,0.4665
b1812,b2291,1.0,0.5,-0.0,1.0,0.0,-0.0,-0.0,1.0,0.4665
b1812,b2291,1.0,0.7,-0.0,1.0,-0.0,-0.0,0.0,1.0,0.4665
b1812,b2291,1.0,1.0,-0.0,1.0,-0.0,-0.0,0.0,1.0,0.4665
b2034,b2131,0.5,0.5,1.0,1.0,1.0,1.0,-0.0,-0.0,0.0715
b2034,b2131,0.5,0.7,1.0,1.0,1.0,1.0,-0.0,-0.0,0.0715
b2034,b2131,0.5,1.0,1.0,1.0,1.0,1.0,-0.0,-0.0,0.0715
b2034,b2131,0.7,0.5,1.0,1.0,1.0,1.0,-0.0,-0.0,0.0715
b2034,b2131,0.7,0.7,1.0,1.0,1.0,1.0,-0.0,-0.0,0.0715
b2034,b2131,0.7,1.0,1.0,1.0,1.0,1.0,-0.0,-0.0,0.0715
b2034,b2131,1.0,0.5,1.0,1.0,1.0,1.0,-0.0,-0.0,0.0715
b2034,b2131,1.0,0.7,1.0,1.0,1.0,1.0,-0.0,-0.0,0.0715
b2034,b2131,1.0,1.0,1.0,1.0,1.0,1.0,-0.0,-0.0,0.0715
b2034,b2291,0.5,0.5,1.0,1.0,1.0,1.0,-0.0,-0.0,0.4665
b2034,b2291,0.5,0.7,1.0,1.0,1.0,1.0,-0.0,-0.0,0.4665
b2034,b2291,0.5,1.0,1.0,1.0,1.0,1.0,-0.0,-0.0,0.4665
b2034,b2291,0.7,0.5,1.0,1.0,1.0,1.0,-0.0,-0.0,0.4665
b2034,b2291,0.7,0.7,1.0,1.0,1.0,1.0,-0.0,-0.0,0.4665
b2034,b2291,0.7,1.0,1.0,1.0,1.0,1.0,-0.0,-0.0,0.4665
b2034,b2291,1.0,0.5,1.0,1.0,1.0,1.0,-0.0,-0.0,0.4665
b2034,b2291,1.0,0.7,1.0,1.0,1.0,1.0,-0.0,-0.0,0.4665
b2034,b2291,1.0,1.0,1.0,1.0,1.0,1.0,-0.0,-0.0,0.4665
b2131,b2291,0.5,0.5,1.0,1.0,1.0,1.0,-0.0,-0.0,0.4665
b2131,b2291,0.5,0.7,1.0,1.0,1.0,1.0,-0.0,-0.0,0.4665
b2131,b2291,0.5,1.0,1.0,1.0,1.0,1.0,-0.0,-0.0,0.4665
b2131,b2291,0.7,0.5,1.0,1.0,1.0,1.0,-0.0,-0.0,0.4665
b2131,b2291,0.7,0.7,1.0,1.0,1.0,1.0,-0.0,-0.0,0.4665
b2131,b2291,0.7,1.0,1.0,1.0,1.0,1.0,-0.0,-0.0,0.4665
b2131,b2291,1.0,0.5,1.0,1.0,1.0,1.0,-0.0,-0.0,0.4665
b2131,b2291,1.0,0.7,1.0,1.0,1.0,1.0,-0.0,-0.0,0.4665
b2131,b2291,1.0,1.0,1.0,1.0,1.0,1.0,-0.0,-0.0,0.4665
