drug	n_consistent_genes	approved	consistent_targets
ADENOSINE TRIPHOSPHATE	2	True	APEH(agonist,Z=-6.2);DAGLA(activator,Z=-4.6)
OCRIPLASMIN	1	True	LAMB2(cleavage,Z=4.7)
MINAPRINE	1	True	DRD2(agonist,Z=-11.0)
BROMOCRIPTINE MESYLATE	1	True	DRD2(agonist,Z=-11.0)
LENALIDOMIDE	1	True	DDB1(inhibitor,Z=4.7)
ELOTUZUMAB	1	True	GPR27(antibody,Z=7.0)
QUINIDINE	1	True	RHOA(blocker,Z=8.0)
CABERGOLINE	1	True	DRD2(agonist,Z=-11.0)
ARIPIPRAZOLE LAUROXIL	1	True	DRD2(agonist,Z=-11.0)
BREXPIPRAZOLE	1	True	DRD2(agonist,Z=-11.0)
NIROGACESTAT	1	True	PSEN2(inhibitor,Z=6.7)
FINGOLIMOD	1	True	AMT(agonist,Z=-8.4)
HYDROXYCHLOROQUINE SULFATE	1	True	TLR9(inhibitor,Z=5.2)
MINAPRINE HYDROCHLORIDE	1	True	DRD2(agonist,Z=-11.0)
PRAMIPEXOLE DIHYDROCHLORIDE	1	True	DRD2(agonist,Z=-11.0)
PONESIMOD	1	True	AMT(agonist,Z=-8.4)
APOMORPHINE	1	True	DRD2(agonist,Z=-11.0)
BOTULINUM TOXIN TYPE B	1	True	VAMP2(inhibitor,Z=5.2)
CAFFEINE	1	True	DAGLA(activator,Z=-4.6)
SIPONIMOD	1	True	AMT(agonist,Z=-8.4)
PERGOLIDE MESYLATE	1	True	DRD2(agonist,Z=-11.0)
ETRASIMOD	1	True	AMT(agonist,Z=-8.4)
ROTIGOTINE	1	True	DRD2(agonist,Z=-11.0)
POMALIDOMIDE	1	True	DDB1(inhibitor,Z=4.7)
THALIDOMIDE	1	True	DDB1(inhibitor,Z=4.7)
OZANIMOD	1	True	AMT(agonist,Z=-8.4)
ERGOLOID MESYLATES, USP	1	True	DRD2(agonist,Z=-11.0)
ROPINIROLE HYDROCHLORIDE	1	True	DRD2(agonist,Z=-11.0)
QUINAGOLIDE	1	False	DRD2(agonist,Z=-11.0)
DEXMECAMYLAMINE	1	False	CHRNA4(inhibitor,Z=5.1)
CDX-1140	1	False	CD40(agonist,Z=-7.3)
CD40 LIGAND	1	False	CD40(agonist,Z=-7.3)
2MESATP	1	False	APEH(agonist,Z=-6.2)
NF546	1	False	APEH(agonist,Z=-6.2)
TENELIXIMAB	1	False	CD40(agonist,Z=-7.3)
BZATP	1	False	APEH(agonist,Z=-6.2)
ADP&BETA;S	1	False	APEH(agonist,Z=-6.2)
DATP	1	False	APEH(agonist,Z=-6.2)
SPHINGOSINE 1-PHOSPHATE	1	False	AMT(agonist,Z=-8.4)
A-971432	1	False	AMT(agonist,Z=-8.4)
SARIZOTAN HYDROCHLORIDE	1	False	DRD2(agonist,Z=-11.0)
SAR247799	1	False	AMT(agonist,Z=-8.4)
GILORALIMAB	1	False	CD40(agonist,Z=-7.3)
FINGOLIMOD-PHOSPHATE	1	False	AMT(agonist,Z=-8.4)
RG-4733	1	False	PSEN2(inhibitor,Z=6.7)
SEMAGACESTAT	1	False	PSEN2(inhibitor,Z=6.7)
NARNATUMAB	1	False	MST1R(inhibitor,Z=4.8)
GLESATINIB	1	False	MST1R(inhibitor,Z=4.8)
ATP&GAMMA;S	1	False	APEH(agonist,Z=-6.2)
SURAMIN	1	False	DAGLA(activator,Z=-4.6)
AFD(R)	1	False	AMT(agonist,Z=-8.4)
ASP4058	1	False	AMT(agonist,Z=-8.4)
RP-101075	1	False	AMT(agonist,Z=-8.4)
AVAGACESTAT	1	False	PSEN2(inhibitor,Z=6.7)
BIFEPRUNOX	1	False	DRD2(agonist,Z=-11.0)
SOTRASTAURIN	1	False	CTBP1(inhibitor,Z=5.3)
SEW2871	1	False	AMT(agonist,Z=-8.4)
CD2+	1	False	TMEM258(blocker,Z=6.1)
UAMC00039	1	False	DAG1(inhibitor,Z=8.0)
NADIDE	1	False	APEH(agonist,Z=-6.2)
ZN2+	1	False	TMEM258(blocker,Z=6.1)
MK-8033	1	False	MST1R(inhibitor,Z=4.8)
RP-001	1	False	AMT(agonist,Z=-8.4)
ADP	1	False	APEH(agonist,Z=-6.2)
SUMANIROLE	1	False	DRD2(agonist,Z=-11.0)
BMS-986104 DERIVATIVE 24	1	False	AMT(agonist,Z=-8.4)
CYM5442	1	False	AMT(agonist,Z=-8.4)
COMPOUND 43 [PMID: 26751273]	1	False	AMT(agonist,Z=-8.4)
ONZIGOLIDE	1	False	DRD2(agonist,Z=-11.0)
DECAVANADATE	1	False	MYRF(inhibitor,Z=5.9)
BMS-986104 DERIVATIVE 12	1	False	AMT(agonist,Z=-8.4)
ST-2191	1	False	AMT(agonist,Z=-8.4)
SOTIGALIMAB	1	False	CD40(agonist,Z=-7.3)
CA2+	1	False	DAGLA(activator,Z=-4.6)
AMISELIMOD PHOSPHATE	1	False	AMT(agonist,Z=-8.4)
PF-00217830	1	False	DRD2(agonist,Z=-11.0)
VEGFA	1	False	DRD2(agonist,Z=-11.0)
GSK-2018682	1	False	AMT(agonist,Z=-8.4)
SELICRELUMAB	1	False	CD40(agonist,Z=-7.3)
APLINDORE FUMARATE	1	False	DRD2(agonist,Z=-11.0)
BEGACESTAT	1	False	PSEN2(inhibitor,Z=6.7)
COMPOUND 26 [PMID: 16190743]	1	False	AMT(agonist,Z=-8.4)
CYM5181	1	False	AMT(agonist,Z=-8.4)
BAZLITORAN	1	False	TLR9(inhibitor,Z=5.2)
RASGRP ACTIVATOR 1	1	False	RASGRP1(activator,Z=-6.1)
AUY954	1	False	AMT(agonist,Z=-8.4)
ST-1505	1	False	AMT(agonist,Z=-8.4)
PARDOPRUNOX	1	False	DRD2(agonist,Z=-11.0)
HESPERADIN	1	False	FES(inhibitor,Z=4.8)
ICANBELIMOD	1	False	AMT(agonist,Z=-8.4)
BALANOL	1	False	CTBP1(inhibitor,Z=5.3)
TC-2216	1	False	CHRNA4(inhibitor,Z=5.1)
URIDINE 5'-TRIPHOSPHATE	1	False	APEH(agonist,Z=-6.2)
NAADP	1	False	APEH(agonist,Z=-6.2)
CENERIMOD	1	False	AMT(agonist,Z=-8.4)
RYANODINE	1	False	DAGLA(activator,Z=-4.6)
FORETINIB	1	False	MST1R(inhibitor,Z=4.8)
AR-C67085	1	False	APEH(agonist,Z=-6.2)
BMS-986166	1	False	AMT(agonist,Z=-8.4)
CCT244747	1	False	EFNA5(inhibitor,Z=5.0)
STAUROSPORINE	1	False	EP300(inhibitor,Z=6.2)
ST-1478	1	False	AMT(agonist,Z=-8.4)
