drug	n_gwas_target_genes	approved	genes
NULL	37	False	ADCY2,ASIC2,AURKB,BRD3,CACNA1C,CACNA1E,CACNG2,CD40,CNTN5,CTNNA2,DAGLA,DDR1,DRD2,ESR1,ESR2,EYS,FURIN,GRIA1,GRM5,HLA-B,HSPA5,KCNE1,MST1R,NCAM1,NRXN1,PBRM1,PDE4B,PRDX5,PTPRD,RBFOX1,SDK1,SERPING1,SLC25A20,SMYD3,TAOK3,TLR9,ZNF165
DEHYDRATED ALCOHOL	8	True	CACNA1C,CREB1,DRD2,GRM5,MED19,PDE4B,THSD7B,TMX2
ILORASERTIB	7	False	AURKB,CAMK1D,DRD2,ERBB4,MARK3,MST1R,NEK4
CENISERTIB	6	False	AURKB,DRD2,ERBB4,MARK3,MST1R,NEK4
NVP-TAE684	6	False	AURKB,CAMK1D,ERBB4,MARK3,MST1R,NEK4
LITHIUM	5	True	ADCY2,ASIC2,CACNG2,CREB1,DRD2
LAPATINIB	5	True	AURKB,ERBB4,ESR1,ESR2,HLA-B
SP-600125	5	False	AURKB,ERBB4,FES,MARK3,NEK4
DOVITINIB	5	False	AURKB,DRD2,MARK3,MST1R,NEK4
FLUOROURACIL	5	True	GNL3,HSPA5,KLC1,MEGF11,XRCC3
RG-1530	4	False	CAMK1D,DRD2,ERBB4,MST1R
VANDETANIB	4	True	AURKB,DRD2,EPHA7,ERBB4
DASATINIB ANHYDROUS	4	True	AURKB,ERBB4,ESR1,FES
CEDIRANIB	4	False	AURKB,DRD2,ERBB4,MST1R
LINIFANIB	4	False	AURKB,DRD2,FES,MST1R
PAZOPANIB	4	True	AURKB,DRD2,HLA-B,PBRM1
CLOZAPINE	4	True	DRD2,ELAVL2,HLA-B,ITIH3
HALOPERIDOL DECANOATE	4	True	ANKK1,CACNA1C,DRD2,GRIA1
ASPIRIN	3	True	CDH13,PDE4B,RAPGEF4
CAFFEINE	3	True	DAGLA,DRD2,PDE4B
GABAPENTIN ENACARBIL	3	True	CACNA1C,CACNA1E,CACNG2
SULOCTIDIL	3	True	CACNA1C,CACNA1E,CACNG2
PHLOROGLUCINOL	3	True	CACNA1C,CACNA1E,CACNG2
BEPRIDIL HYDROCHLORIDE	3	True	CACNA1C,CACNA1E,CACNG2
IMAGABALIN	3	False	CACNA1C,CACNA1E,CACNG2
ATAGABALIN	3	False	CACNA1C,CACNA1E,CACNG2
TERODILINE HYDROCHLORIDE	3	True	CACNA1C,CACNA1E,CACNG2
GABAPENTIN	3	True	CACNA1C,CACNA1E,CACNG2
PREGABALIN	3	True	CACNA1C,CACNA1E,CACNG2
DIETHYLSTILBESTROL	3	True	ESR1,ESR2,ESRRG
AFIMOXIFENE	3	False	ESR1,ESR2,ESRRG
CHEMBL:CHEMBL505670	3	False	FEN1,RAPGEF4,TLR9
PENTABROMOPHENOL	3	False	ESR1,FEN1,RAPGEF4
CITALOPRAM	3	True	CACNA1C,CREB1,METTL21A
ANTIDEPRESSANT AGENT	3	False	CTNNA3,FHIT,METTL21A
BARASERTIB-HQPA	3	False	AURKB,ERBB4,MST1R
NERATINIB	3	True	ERBB4,ESR1,ESR2
TAMATINIB	3	False	ERBB4,MARK3,NEK4
SURAMIN	3	False	APEH,DAGLA,FEN1
ADENOSINE TRIPHOSPHATE	3	True	APEH,ATP1A3,DAGLA
VALPROIC ACID	3	True	ANKK1,APEH,CACNA1C
CHEMBL:CHEMBL379975	3	False	AURKB,CAMK1D,MST1R
TOZASERTIB	3	False	AURKB,MARK3,MST1R
SOTRASTAURIN	3	False	CAMK1D,MARK3,MST1R
PALBOCICLIB	3	True	ESR1,ESR2,MST1R
ENTRECTINIB	3	True	AURKB,CAMK1D,MST1R
PF-562271	3	False	AURKB,MARK3,MST1R
JNJ-7706621	3	False	AURKB,MARK3,MST1R
FORETINIB	3	False	DRD2,MST1R,PTCH1
EVEROLIMUS	3	True	ESR1,ESR2,PBRM1
GW441756X	3	False	AURKB,MARK3,NEK4
CYC-116	3	False	AURKB,MARK3,NEK4
INTERFERON BETA-1A	3	True	FHIT,GAPVD1,HLA-B
PERPHENAZINE	3	True	CDH13,DRD2,MAML3
HESPERADIN	3	False	AURKB,EPHA7,FES
ANASTROZOLE	3	True	CSMD1,DLG2,ESR1
DOCETAXEL ANHYDROUS	3	True	ESR1,ESR2,XRCC3
HYDROCHLOROTHIAZIDE	3	True	CSMD1,DIAPH3,FTO
CA2+	3	False	DAGLA,MPPED2,MYRF
CP-547632	3	False	AURKB,DRD2,MARK3
SORAFENIB	3	True	AURKB,CDH13,DRD2
AMLEXANOX	2	True	FEN1,PDE4B
RESVERATROL	2	True	ESR1,PDE4B
CELECOXIB	2	True	CACNA1C,CACNA1E
TOMIVOSERTIB	2	False	ELAVL2,ESRRG
DORSOMORPHIN	2	False	DRD2,ESRRG
DULOXETINE HYDROCHLORIDE	2	True	NCAM1,NRXN1
NICOTINE POLACRILEX	2	True	CREB1,NRXN1
PAMAPIMOD	2	False	CTNNA2,CTNND1
HEXACHLOROPHENE	2	True	ESR1,RAPGEF4
AMINODIMETHOXYQUINAZOLINYLPIPERAZINE	2	False	FEN1,RAPGEF4
GW7647	2	False	ESR1,RAPGEF4
IDARUBICIN	2	True	FEN1,RAPGEF4
MYRICETIN	2	False	FEN1,RAPGEF4
CHEMBL:CHEMBL592124	2	False	FEN1,RAPGEF4
EUFLAVINE	2	False	FEN1,RAPGEF4
CLOSANTEL	2	False	FEN1,RAPGEF4
CHEMBL:CHEMBL600336	2	False	ESR2,RAPGEF4
DICHLOROPHEN	2	False	ESR1,RAPGEF4
PROCHLORPERAZINE	2	True	DRD2,RAPGEF4
CHEMBL:CHEMBL1576310	2	False	FEN1,RAPGEF4
CHEMBL:CHEMBL585591	2	False	FEN1,RAPGEF4
LANATOSIDE C	2	True	ATP1A3,RAPGEF4
ALISERTIB	2	False	AURKB,ERBB4
AEE788	2	False	DRD2,ERBB4
PALIPERIDONE	2	True	DRD2,ERBB4
ERLOTINIB	2	True	AURKB,ERBB4
BMS-690514	2	False	DRD2,ERBB4
TAK-715	2	False	CTNND1,ERBB4
CHEMBL:CHEMBL578061	2	False	ERBB4,MARK3
ZIPRASIDONE	2	True	CNTN4,DRD2
ARVERAPAMIL	2	False	CACNA1C,SLC25A20
NICARDIPINE	2	True	CACNA1C,SLC25A20
NISOLDIPINE	2	True	CACNA1C,SLC25A20
ELPETRIGINE	2	False	CACNA1C,SLC25A20
FELODIPINE	2	True	CACNA1C,SLC25A20
NIMODIPINE	2	True	CACNA1C,SLC25A20
ISRADIPINE	2	True	CACNA1C,SLC25A20
CLEVIDIPINE	2	True	CACNA1C,SLC25A20
GP-120 ANTIGEN	2	False	CD40,GPX1
QUINIDINE	2	True	KCNE1,RHOA
BZATP	2	False	APEH,ATP1A3
TRETINOIN	2	True	MST1,PTCH1
BMS-754807	2	False	AURKB,MST1R
GLESATINIB	2	False	DRD2,MST1R
MK-2461	2	False	DRD2,MST1R
ALSTERPAULLONE	2	False	MARK3,MST1R
PD-0166285	2	False	AURKB,MST1R
CHEMBL:CHEMBL429095	2	False	MBNL1,TLR9
ALEXIDINE HYDROCHLORIDE	2	False	FEN1,TLR9
INFLIXIMAB-DYYB	2	True	HLA-B,TLR9
THIMEROSAL	2	True	FEN1,TLR9
ETANERCEPT-SZZS	2	True	HLA-B,TLR9
SUNITINIB	2	True	DRD2,PBRM1
ALPRAZOLAM	2	True	BRD3,PBRM1
CABOZANTINIB S-MALATE	2	True	DRD2,PBRM1
TRIAZOLAM	2	True	BRD3,PBRM1
SNS-314	2	False	AURKB,NEK4
BAY 61-3606	2	False	AURKB,NEK4
INTERFERON BETA-1B	2	True	FHIT,GAPVD1
LOMOFUNGIN	2	False	FEN1,MBNL1
MITOXANTRONE	2	True	FEN1,MBNL1
NOREPINEPHRINE	2	True	FEN1,MBNL1
MITOXANTRONE HYDROCHLORIDE	2	True	FEN1,MBNL1
PEGINTERFERON ALFA-2A	2	True	FTO,HLA-B
RIBAVIRIN	2	True	FTO,HLA-B
METHIMAZOLE	2	True	CYP7B1,HLA-B
ISONIAZID	2	True	ASTN2,HLA-B
TAMOXIFEN	2	True	ESR1,ESR2
FULVESTRANT	2	True	ESR1,ESR2
CISPLATIN	2	True	ESR1,XRCC3
EXEMESTANE	2	True	ESR1,ESR2
ESTROGEN	2	True	ESR1,ESR2
DOXYCYCLINE ANHYDROUS	2	True	ESR1,FEN1
MK-6913	2	False	ESR1,ESR2
GENTIAN VIOLET CATION	2	True	ESR1,FEN1
ALPELISIB	2	True	ESR1,ESR2
ESTROGENS, CONJUGATED (USP)	2	True	ESR1,ESR2
RALOXIFENE HYDROCHLORIDE	2	True	ESR1,ESR2
RITUXIMAB	2	True	ESR1,ESR2
GENISTEIN	2	True	ESR1,ESR2
COMPOUND 14 [PMID: 34333981]	2	False	ESR1,ESR2
ABEMACICLIB	2	True	ESR1,ESR2
BISPHENOL A	2	False	ESR1,ESR2
RIBOCICLIB	2	True	ESR1,ESR2
ESTRADIOL VALERATE	2	True	ESR1,ESR2
QUINESTROL	2	True	ESR1,ESR2
DIETHYLSTILBESTROL DIPHOSPHATE	2	True	ESR1,ESR2
IDOXIFENE	2	False	ESR1,ESR2
TOREMIFENE	2	True	ESR1,ESR2
LASOFOXIFENE	2	True	ESR1,ESR2
PCC0208017	2	False	ESR1,ESR2
METHOXSALEN	2	True	ESR1,FEN1
ESTRONE	2	True	ESR1,ESR2
NORGESTREL	2	True	ESR1,HSPA5
CHLOROTRIANISENE	2	True	ESR1,ESR2
SYNTHETIC CONJUGATED ESTROGENS, B	2	True	ESR1,ESR2
ACOLBIFENE	2	False	ESR1,ESR2
ESTRIOL	2	True	ESR1,ESR2
ICI-164384	2	False	ESR1,ESR2
PCC0105003	2	False	ESR1,ESR2
MASOPROCOL	2	True	ESR1,FEN1
BAZEDOXIFENE ACETATE	2	True	ESR1,ESR2
GOSSYPOL	2	False	ESR1,FEN1
ARZOXIFENE	2	False	ESR1,ESR2
ESTETROL	2	True	ESR1,ESR2
ESTROGENS, ESTERIFIED (USP)	2	True	ESR1,ESR2
DROLOXIFENE	2	False	ESR1,ESR2
BAZEDOXIFENE	2	True	ESR1,ESR2
IXABEPILONE	2	True	ESR1,ESR2
SACITUZUMAB GOVITECAN	2	True	ESR1,ESR2
CYCLOFENIL	2	True	ESR1,ESR2
DAUNORUBICIN HYDROCHLORIDE	2	True	ESR1,FEN1
CAPIVASERTIB	2	True	ESR1,ESR2
CHF4227	2	False	ESR1,ESR2
LY2245461	2	False	ESR1,ESR2
COUMESTROL	2	False	ESR1,FEN1
SIVIFENE	2	False	ESR1,ESR2
CATECHOL	2	False	ESR1,FEN1
GOSERELIN ACETATE	2	True	ESR1,ESR2
FAM-TRASTUZUMAB DERUXTECAN-NXKI	2	True	ESR1,ESR2
ETHINYL ESTRADIOL	2	True	ESR1,ESR2
ESTROGENS, CONJUGATED SYNTHETIC A	2	True	ESR1,ESR2
OLAPARIB	2	True	ESR1,ESR2
METHAMPHETAMINE	2	True	DRD2,ESR1
OSPEMIFENE	2	True	ESR1,ESR2
ERIBULIN MESYLATE	2	True	ESR1,ESR2
CHF 4227	2	False	ESR1,ESR2
ALLYLESTRENOL	2	True	ESR1,ESR2
TAS-108	2	False	ESR1,ESR2
RALOXIFEN	2	True	ESR1,ESR2
COMPOUND 17D [PMID: 23099093]	2	False	ESR1,FEN1
FISPEMIFENE	2	False	ESR1,ESR2
BITHIONOL	2	True	ESR1,ESR2
OXALIPLATIN	2	True	CSMD1,XRCC3
OLANZAPINE	2	True	CSMD1,DRD2
STREPTOZOCIN	2	True	CD40,CYP7B1
VERAPAMIL	2	True	CACNA1C,PTPRD
PP-121	2	False	DRD2,GOLGA1
CHEMBL:CHEMBL67535	2	False	FEN1,HSPA5
DAPHNETIN	2	False	FEN1,HSPA5
EUPAFOLIN	2	False	FEN1,HSPA5
CHEMBL:CHEMBL546797	2	False	AURKB,CAMK1D
DECAVANADATE	2	False	MPPED2,MYRF
IP3	2	False	MPPED2,MYRF
METHYLDOPA ANHYDROUS	2	True	DRD2,FEN1
DOPAMINE	2	True	DRD2,FEN1
BX-795	2	False	DRD2,FEN1
LEVODOPA	2	True	DRD2,FEN1
ARIPIPRAZOLE LAUROXIL	2	True	ANKK1,DRD2
NALTREXONE	2	True	ANKK1,DRD2
NEMONAPRIDE	2	False	ANKK1,DRD2
DISULFIRAM	2	True	ANKK1,DRD2
QUETIAPINE FUMARATE	2	True	ANKK1,DRD2
ILOPERIDONE	2	True	CELF4,DRD2
RISPERIDONE	2	True	DRD2,NPAS3
DEXTROAMPHETAMINE SULFATE	2	True	CDH13,DRD2
PAREGORIC	2	True	DRD2,TAOK3
ENMD-2076	2	False	AURKB,DRD2
IBCASERTIB	2	False	AURKB,DRD2
ATENOLOL	2	True	CACNA1C,FTO
GO-6976	2	False	AURKB,MARK3
GSK-269962A	2	False	AURKB,MARK3
KENPAULLONE	2	False	AURKB,MARK3
IRINOTECAN HYDROCHLORIDE	2	True	KLC1,XRCC3
LEUCOVORIN CALCIUM	2	True	KLC1,XRCC3
OXTRIPHYLLINE	1	True	PDE4B
TETOMILAST	1	False	PDE4B
HT-0712	1	False	PDE4B
PENTOXIFYLLINE	1	True	PDE4B
DENBUFYLLINE	1	False	PDE4B
ROFLUMILAST	1	True	PDE4B
IBUDILAST	1	False	PDE4B
OGLEMILAST	1	False	PDE4B
THEOPHYLLINE	1	True	PDE4B
CRISABOROLE	1	True	PDE4B
THEOPHYLLINE SODIUM GLYCINATE	1	True	PDE4B
CILOMILAST	1	False	PDE4B
INAMRINONE	1	True	PDE4B
SELECTIVE CYTOKINE INHIBITORY DRUG CC-1088	1	False	PDE4B
LIRIMILAST	1	False	PDE4B
RONOMILAST	1	False	PDE4B
DIFAMILAST	1	False	PDE4B
DROTAVERIN	1	False	PDE4B
TRANIMILAST	1	False	PDE4B
TOFIMILAST	1	False	PDE4B
MEM 1414	1	False	PDE4B
MK-0873	1	False	PDE4B
LOTAMILAST	1	False	PDE4B
DOVRAMILAST	1	False	PDE4B
APREMILAST	1	True	PDE4B
ENSIFENTRINE	1	False	PDE4B
ROLIPRAM	1	False	PDE4B
RITODRINE	1	True	PDE4B
ENPROFYLLINE	1	False	PDE4B
GSK-356278	1	False	PDE4B
GSK-256066	1	False	PDE4B
DYPHYLLINE	1	True	PDE4B
PAPAVERINE	1	True	PDE4B
REVAMILAST	1	False	PDE4B
CHEMBL:CHEMBL535714	1	False	PDE4B
ETAZOLATE	1	False	PDE4B
PICLAMILAST	1	False	PDE4B
AMINOPHYLLINE	1	True	PDE4B
FLAVOXATE HYDROCHLORIDE	1	True	PDE4B
MNK1 INHIBITOR	1	False	ESRRG
TINODASERTIB	1	False	ESRRG
RG-4733	1	False	PSEN2
SEMAGACESTAT	1	False	PSEN2
CHEMBL:CHEMBL247471	1	False	PSEN2
AVAGACESTAT	1	False	PSEN2
NOTCH SIGNALING PATHWAY INHIBITOR MK0752	1	False	PSEN2
NIROGACESTAT	1	True	PSEN2
CHEMBL:CHEMBL392068	1	False	PSEN2
BEGACESTAT	1	False	PSEN2
GSI-136	1	False	PSEN2
IC261	1	False	PSEN2
TARENFLURBIL	1	False	PSEN2
COMPOUND 35 [PMID: 23916259]	1	False	CTNNA2
HALICIN	1	False	CTNNA2
GNE-3511	1	False	CTNNA2
COMPOUND 20 [PMID: 30998356]	1	False	CTNNA2
BOS172722	1	False	CTNNA2
JNK-IN-8	1	False	CTNNA2
COMPOUND 25C [PMID: 36649216]	1	False	CTNNA2
JNK INHIBITOR VIII	1	False	CTNNA2
JNK INHIBITOR 9L	1	False	CTNNA2
SP600125	1	False	CTNNA2
COMPOUND 11 [PMID: 26431428]	1	False	CTNNA2
YL5084	1	False	CTNNA2
TANZISERTIB	1	False	CTNNA2
TOSEDOSTAT	1	False	METAP1D
BITHIONOLOXIDE	1	False	RAPGEF4
2,2',4,4',5,5'-HEXACHLOROBIPHENYL	1	False	RAPGEF4
BENZBROMARONE	1	True	RAPGEF4
CLOTRIMAZOLE	1	True	RAPGEF4
CHEMBL:CHEMBL149246	1	False	RAPGEF4
NABUMETONE	1	True	RAPGEF4
DIMPYLATE	1	False	RAPGEF4
AMORFRUTIN A	1	False	RAPGEF4
CHEMBL:CHEMBL600778	1	False	RAPGEF4
CHEMBL:CHEMBL140130	1	False	RAPGEF4
SCLEROTIORIN	1	False	RAPGEF4
2,4-DIHYDROXYBENZOPHENONE	1	False	RAPGEF4
BERBERRUBINE	1	False	RAPGEF4
KOLAVENIC ACID	1	False	RAPGEF4
ACITRETIN	1	True	RAPGEF4
SB 216763	1	False	RAPGEF4
CHEMBL:CHEMBL1256719	1	False	RAPGEF4
CHEMBL:CHEMBL608846	1	False	RAPGEF4
1,4-DIMETHOXYANTHRAQUINONE	1	False	RAPGEF4
CHEMBL:CHEMBL591363	1	False	RAPGEF4
FLUORESCEIN DIACETATE	1	False	RAPGEF4
LOBARIC ACID	1	False	RAPGEF4
PHYSODIC ACID	1	False	RAPGEF4
CHEMBL:CHEMBL591361	1	False	RAPGEF4
TANGERETIN	1	False	RAPGEF4
PENTACHLOROPHENOL	1	False	RAPGEF4
CHEMBL:CHEMBL1256796	1	False	RAPGEF4
FENTICLOR	1	False	RAPGEF4
BW B70C	1	False	CREB1
CJ13610	1	False	CREB1
5-LOX INHIBITOR 2M [PMID: 30199704]	1	False	CREB1
PF-04191834	1	False	CREB1
HONOKIOL	1	False	CREB1
5-LOX ACTIVATING PROTEIN	1	False	CREB1
ZILEUTON	1	True	CREB1
POZIOTINIB	1	False	ERBB4
PAN-HER KINASE INHIBITOR AC480	1	False	ERBB4
BMS-599626	1	False	ERBB4
BETACELLULIN	1	False	ERBB4
PIROTINIB	1	False	ERBB4
BIX02188	1	False	ERBB4
AFATINIB DIMALEATE	1	True	ERBB4
NEUREGULIN-3	1	False	ERBB4
HB-EGF	1	False	ERBB4
TUCATINIB	1	True	ERBB4
ALLITINIB	1	False	ERBB4
METHYLCURCUMIN	1	False	ERBB4
SB220025	1	False	ERBB4
DACOMITINIB ANHYDROUS	1	True	ERBB4
GEFITINIB	1	True	ERBB4
NEUREGULIN-2	1	False	ERBB4
XILIERTINIB	1	False	ERBB4
ACALABRUTINIB	1	True	ERBB4
CURCUMIN	1	True	ERBB4
NERATINIB MALEATE	1	True	ERBB4
NEUREGULIN-4	1	False	ERBB4
PELITINIB	1	False	ERBB4
AFATINIB	1	True	ERBB4
LAUROGUADINE	1	False	ERBB4
CIMAGLERMIN ALFA	1	False	ERBB4
TARLOXOTINIB	1	False	ERBB4
CANERTINIB DIHYDROCHLORIDE	1	False	ERBB4
WZ4002	1	False	ERBB4
EGFR/ERBB-2/ERBB-4 INHIBITOR	1	False	ERBB4
JNJ-26483327	1	False	ERBB4
KBP5209	1	False	ERBB4
COMPOUND 38 [PMID: 24915291]	1	False	ERBB4
COMPOUND 9 [PMID: 26006010]	1	False	ERBB4
BIX02189	1	False	ERBB4
NEUREGULIN-1	1	False	ERBB4
IBRUTINIB	1	True	ERBB4
DIMETHYLCURCUMIN	1	False	ERBB4
EPIREGULIN	1	False	ERBB4
RY796	1	False	KIF1A
QUININE	1	True	KIF1A
TETRAMETHYLAMMONIUM	1	False	KIF1A
RY785	1	False	KIF1A
DALFAMPRIDINE	1	True	KIF1A
GXTX-1E	1	False	KIF1A
SULCARDINE SULFATE	1	False	SLC25A20
LEVOCARNITINE PROPIONATE	1	False	SLC25A20
BUDIODARONE	1	False	SLC25A20
BEPRIDIL	1	True	SLC25A20
TETRANDRINE	1	False	SLC25A20
DIPROTEVERINE	1	False	SLC25A20
NEXOPAMIL	1	False	SLC25A20
ROXADUSTAT	1	True	P4HTM
DAPRODUSTAT	1	True	P4HTM
OCRIPLASMIN	1	True	LAMB2
KL044	1	False	GPX1
ROTTLERIN	1	False	RHOA
PRAVASTATIN SODIUM	1	True	RHOA
CLAUSINE E	1	False	RHOA
SIMVASTATIN	1	True	RHOA
NS004	1	False	RHOA
NS1619	1	False	RHOA
SPM-354	1	False	AMT
W146	1	False	AMT
SPHINGOSINE 1-PHOSPHATE	1	False	AMT
A-971432	1	False	AMT
SAR247799	1	False	AMT
FINGOLIMOD-PHOSPHATE	1	False	AMT
AFD(R)	1	False	AMT
ASP4058	1	False	AMT
RP-101075	1	False	AMT
VPC44116	1	False	AMT
SEW2871	1	False	AMT
RP-001	1	False	AMT
BMS-986104 DERIVATIVE 24	1	False	AMT
CYM5442	1	False	AMT
COMPOUND 43 [PMID: 26751273]	1	False	AMT
FINGOLIMOD	1	True	AMT
VPC03090-P	1	False	AMT
BMS-986104 DERIVATIVE 12	1	False	AMT
ST-2191	1	False	AMT
AMISELIMOD PHOSPHATE	1	False	AMT
PONESIMOD	1	True	AMT
GSK-2018682	1	False	AMT
COMPOUND 26 [PMID: 16190743]	1	False	AMT
SIPONIMOD	1	True	AMT
CYM5181	1	False	AMT
AUY954	1	False	AMT
ETRASIMOD	1	True	AMT
ST-1505	1	False	AMT
ICANBELIMOD	1	False	AMT
CENERIMOD	1	False	AMT
OZANIMOD	1	True	AMT
NIBR-0213	1	False	AMT
VPC23019	1	False	AMT
BMS-986166	1	False	AMT
ST-1478	1	False	AMT
UAMC00039	1	False	DAG1
2MESATP	1	False	APEH
NF546	1	False	APEH
ADP&BETA;S	1	False	APEH
DATP	1	False	APEH
ATP&GAMMA;S	1	False	APEH
NF340	1	False	APEH
NADIDE	1	False	APEH
NF157	1	False	APEH
ADP	1	False	APEH
REACTIVE BLUE-2	1	False	APEH
URIDINE 5'-TRIPHOSPHATE	1	False	APEH
NAADP	1	False	APEH
AR-C67085	1	False	APEH
NARNATUMAB	1	False	MST1R
MK-8033	1	False	MST1R
CHEMBL:CHEMBL1997335	1	False	MST1R
EMD-1201081	1	False	TLR9
DEMETHOXYCURCUMIN	1	False	TLR9
TLR-DIRECTED CATIONIC LIPID-DNA COMPLEX JVRS-100	1	False	TLR9
LEFITOLIMOD	1	False	TLR9
TLR AGONIST CADI-05	1	False	TLR9
IMO-2055	1	False	TLR9
HYDROXYCHLOROQUINE	1	True	TLR9
GNKG-168	1	False	TLR9
TILSOTOLIMOD	1	False	TLR9
ADALIMUMAB-ADBM	1	True	TLR9
COBITOLIMOD	1	False	TLR9
MICROPARTICLE MDP/BACTERIAL DNA-CONTAINING MIS416	1	False	TLR9
CAVROTOLIMOD	1	False	TLR9
COBITOLIMOD SODIUM	1	False	TLR9
CHEMBL:CHEMBL1520346	1	False	TLR9
CPG OLIGODEOXYNUCLEOTIDE TLR9 AGONIST DV281	1	False	TLR9
CHLOROQUINE	1	True	TLR9
TLR9 AGONIST SD-101	1	False	TLR9
TILSOTOLIMOD SODIUM	1	False	TLR9
HYDROXYCHLOROQUINE SULFATE	1	True	TLR9
1018 ISS	1	False	TLR9
CPG 10101	1	False	TLR9
AGATOLIMOD SODIUM	1	True	TLR9
VIDUTOLIMOD	1	False	TLR9
BAZLITORAN	1	False	TLR9
LITENIMOD	1	False	TLR9
ISS-1018	1	False	TLR9
CDK9 INHIBITOR PRT2527	1	False	PBRM1
DURVALUMAB	1	True	PBRM1
IPILIMUMAB	1	True	PBRM1
NIVOLUMAB	1	True	PBRM1
PEMBROLIZUMAB	1	True	PBRM1
CTLA-4-TARGETING AGENT	1	False	PBRM1
FAVIPIRAVIR	1	False	PBRM1
MYELOID CELL LEUKEMIA 1 INHIBITOR PRT1419	1	False	PBRM1
ANTI-PD-L1 MONOCLONAL ANTIBODY	1	False	PBRM1
BELZUTIFAN	1	True	PBRM1
APITOLISIB	1	False	PBRM1
GSK126	1	False	PBRM1
ATEZOLIZUMAB	1	True	PBRM1
CYCLOPHOSPHAMIDE ANHYDROUS	1	True	GNL3
EPIRUBICIN	1	True	GNL3
PHA-767491	1	False	NEK4
TRICHOSTATIN A	1	False	FHIT
FRUCTOSE	1	True	FHIT
SBP-7455	1	False	FHIT
AZELAIC ACID	1	True	MBNL1
CHEMBL:CHEMBL600309	1	False	MBNL1
CHEMBL:CHEMBL588234	1	False	MBNL1
EPINEPHRINE BITARTRATE	1	True	MBNL1
CHEMBL:CHEMBL2374078	1	False	MBNL1
LAPACHONE	1	False	MBNL1
RAMATROBAN	1	False	MBNL1
ALBUTEROL SULFATE	1	True	CLOCK
CHEMBL:CHEMBL401844	1	False	ADCY2
DERIVATIVE 17 [NAKAHATA ET AL., 2018]	1	False	ADCY2
COMPOUND 7A [PMID: 24884590]	1	False	ADCY2
MKC-1	1	False	IPO11
CCT244747	1	False	EFNA5
PHENOBARBITAL	1	True	GRIA1
NEOCEPTIN-3	1	False	GRIA1
SELURAMPANEL	1	False	GRIA1
DESFLURANE	1	True	GRIA1
MK-8777	1	False	GRIA1
ANESTHETIC AGENT	1	False	GRIA1
PESAMPATOR	1	False	GRIA1
L6H21	1	False	GRIA1
PERAMPANEL	1	True	GRIA1
ZONAMPANEL	1	False	GRIA1
SODIUM CHLORIDE	1	True	GRIA1
TEZAMPANEL	1	False	GRIA1
IRAMPANEL	1	False	GRIA1
TOPIRAMATE	1	True	GRIA1
TALAMPANEL	1	False	GRIA1
SEVOFLURANE	1	True	GRIA1
TAK-653	1	False	GRIA1
ISOFLURANE	1	True	GRIA1
BECAMPANEL	1	False	GRIA1
MIBAMPATOR	1	False	GRIA1
RECOMBINANT FIBROBLAST GROWTH FACTOR 2	1	False	GRIA1
NBQX	1	False	GRIA1
CX1739	1	False	GRIA1
ASPARAGINASE	1	True	GRIA1
CX-717	1	False	GRIA1
FARAMPATOR	1	False	GRIA1
ENFLURANE	1	True	GRIA1
DASOLAMPANEL	1	False	GRIA1
PIRACETAM	1	False	GRIA1
HG2+	1	False	BTN1A1
PHLORETIN	1	False	BTN1A1
IMATINIB	1	True	DDR1
PAK-104P	1	False	DDR1
CARBIMAZOLE	1	True	HLA-B
CLINDAMYCIN	1	True	HLA-B
PENICILLIN V	1	True	HLA-B
CLAVULANIC ACID	1	True	HLA-B
LAMIVUDINE	1	True	HLA-B
FLOXACILLIN	1	True	HLA-B
ABACAVIR	1	True	HLA-B
TICLOPIDINE	1	True	HLA-B
MINOCYCLINE	1	True	HLA-B
CARBAMAZEPINE	1	True	HLA-B
PHENYTOIN SODIUM	1	True	HLA-B
MEASLES VACCINE	1	False	HLA-B
FOSPHENYTOIN	1	True	HLA-B
PEGINTERFERON ALFA-2B	1	True	HLA-B
AMOXICILLIN ANHYDROUS	1	True	HLA-B
SULFASALAZINE	1	True	HLA-B
STAVUDINE	1	True	HLA-B
TRICHLOROETHYLENE	1	False	HLA-B
RECOMBINANT INTERFERON	1	False	HLA-B
VELIMOGENE ALIPLASMID	1	False	HLA-B
SULFAMETHOXAZOLE / TRIMETHOPRIM	1	False	HLA-B
DAPSONE	1	True	HLA-B
OXCARBAZEPINE	1	True	HLA-B
BACILLUS CALMETTE-GUERIN ANTIGEN	1	False	HLA-B
PENICILLIN G POTASSIUM	1	True	HLA-B
THALIDOMIDE	1	True	HLA-B
METHAZOLAMIDE	1	True	HLA-B
ACETAZOLAMIDE	1	True	HLA-B
ZABEDOSERTIB	1	False	EPHA7
GLPG2534	1	False	EPHA7
ZOMIRADOMIDE	1	False	EPHA7
ND-2158	1	False	EPHA7
ND-2110	1	False	EPHA7
IRAK-1/4 INHIBITOR	1	False	EPHA7
ZIMLOVISERTIB	1	False	EPHA7
IRAK4 INHIBITOR RAC-45 [PMID: 18501603]	1	False	EPHA7
WARFARIN	1	True	EPHA7
PF-06426779	1	False	EPHA7
EMAVUSERTIB	1	False	EPHA7
EDECESERTIB	1	False	EPHA7
IRAK4 INHIBITOR 4B [PMID: 18474425]	1	False	EPHA7
COMPOUND 7 [WO2012007375]	1	False	EPHA7
COMPOUND 1 [WO2012007375]	1	False	EPHA7
TAKINIB	1	False	EPHA7
ZEARALENONE	1	False	ESR1
ZERANOL	1	False	ESR1
BORIC ACID	1	True	ESR1
DIENESTROL	1	True	ESR1
ENDOXIFEN	1	False	ESR1
DANAZOL	1	True	ESR1
HORMONE THERAPY AGENT	1	False	ESR1
METHYLISOTHIOCYANATE	1	False	ESR1
DIETHYLSTILBESTROL DIPROPIONATE	1	False	ESR1
PROPACHLOR	1	False	ESR1
HYDROXYPROGESTERONE	1	False	ESR1
TESTOSTERONE PROPIONATE	1	True	ESR1
CHEMBL:CHEMBL384441	1	False	ESR1
CLOMIPHENE	1	True	ESR1
ELACESTRANT	1	True	ESR1
SYNTHETIC CONJUGATED ESTROGENS, A	1	False	ESR1
ETHYNODIOL DIACETATE	1	True	ESR1
MEGESTROL ACETATE	1	True	ESR1
SELECTIVE ESTROGEN RECEPTOR MODULATOR TAS-108	1	False	ESR1
ESTRADIOL CYPIONATE	1	True	ESR1
CHEMBL:CHEMBL1091137	1	False	ESR1
ACRYLAMIDE	1	True	ESR1
PROPYLPARABEN	1	True	ESR1
CHEMBL:CHEMBL85826	1	False	ESR1
LETROZOLE	1	True	ESR1
GLYCITEIN	1	False	ESR1
NORELGESTROMIN	1	True	ESR1
DESOGESTREL	1	True	ESR1
VINTAFOLIDE	1	False	ESR1
ORTHOTOLIDINE	1	False	ESR1
POLYESTRADIOL PHOSPHATE	1	True	ESR1
FENRETINIDE	1	True	ESR1
CLOMIPHENE CITRATE	1	True	ESR1
PROPYLPYRAZOLETRIOL	1	False	ESR1
4-NONYLPHENOL	1	False	ESR1
ALACHLOR	1	False	ESR1
TAMOXIFEN CITRATE	1	True	ESR1
CAMPHOR OIL	1	True	ESR1
PALMITATE	1	True	ESR1
GTX-758	1	False	ESR1
BRILANESTRANT	1	False	ESR1
PROGESTERONE	1	True	ESR1
TESTOSTERONE	1	True	ESR1
TRIAMTERENE	1	True	ESR1
PROTOAPIGENONE	1	False	ESR1
CHEMBL:CHEMBL1523215	1	False	ESR1
DAIDZEIN	1	False	ESR1
ALOE-EMODIN	1	False	ESR1
GUTHION	1	False	ESR1
CHLORANIL	1	False	ESR1
GUGGULSTERONE	1	False	ESR1
ACETOCHLOR	1	False	ESR1
IODINE	1	True	ESR1
ALFATRADIOL	1	False	ESR1
ETHYLENEDIAMINE	1	True	ESR1
DOMIPHEN BROMIDE	1	False	ESR1
STANOLONE	1	False	ESR1
CAPTAN	1	False	ESR1
AMI-1	1	False	ESR1
CHEMBL:CHEMBL2071180	1	False	ESR1
NOMEGESTROL ACETATE	1	False	ESR1
CHEMBL:CHEMBL184450	1	False	ESR1
NORGESTIMATE	1	True	ESR1
ALL-TRANS-RETINAL	1	False	ESR1
TRIADIMEFON	1	False	ESR1
CHEMBL:CHEMBL329673	1	False	ESR1
TRIPHENYLSTANNANOL	1	False	ESR1
DOXORUBICIN HYDROCHLORIDE	1	True	ESR1
LEVONORGESTREL	1	True	ESR1
FOSFESTROL	1	False	ESR1
MEDROXYPROGESTERONE	1	True	ESR1
PHENYLMERCURIC ACETATE	1	False	ESR1
CHEMBL:CHEMBL2313444	1	False	ESR1
KAEMPHEROL	1	False	ESR1
ICARITIN	1	False	ESR1
MITOTANE	1	True	ESR1
SELECTIVE ESTROGEN RECEPTOR COVALENT ANTAGONIST H3B-6545	1	False	ESR1
TTC-352	1	False	ESR1
MERCURIC CHLORIDE	1	False	ESR1
4-TRIETHYLGERMYLPHENOL	1	False	ESR1
ETONOGESTREL	1	True	ESR1
ETHINYLESTRADIOL/DROSPIRENONE/PRASTERONE	1	False	ESR1
SELECTIVE ESTROGEN RECEPTOR MODULATOR CC-8490	1	False	ESR1
SULFENTRAZONE	1	False	ESR1
ENCLOMIPHENE	1	False	ESR1
CAMIZESTRANT	1	False	ESR1
GIREDESTRANT	1	False	ESR1
KEPONE	1	False	ESR1
BENZETHONIUM CHLORIDE	1	True	ESR1
HYDRAMETHYLNON	1	False	ESR1
ESTROPIPATE	1	True	ESR1
METHIOCARB	1	False	ESR1
PHENYLALANINE	1	True	ESR1
ZIRAM	1	False	ESR1
MESTRANOL	1	True	ESR1
ALFADEX	1	False	ESR1
BENZODODECINIUM CHLORIDE	1	True	ESR1
SR16234	1	False	ESR1
OXYMETHOLONE	1	True	ESR1
OCHRATOXIN A	1	False	ESR1
ARSANILIC ACID	1	False	ESR1
OXYTETRACYCLINE HYDROCHLORIDE	1	True	ESR1
LEFLUNOMIDE	1	True	ESR1
AMCENESTRANT	1	False	ESR1
4-METHYLBENZOIC ACID METHYL ESTER	1	False	ESR1
METHYLTESTOSTERONE	1	True	ESR1
13-CIS-RETINAL	1	False	ESR1
VITAMIN A	1	True	ESR1
GLYBURIDE	1	True	ESR1
GESTRINONE	1	False	ESR1
PYROGALLOL	1	True	ESR1
CHOLECALCIFEROL	1	True	ESR1
PROMESTRIENE	1	False	ESR1
1-HYDROXY-6-(4-HYDROXY-PHENYL)-1-PHENYL-HEXAN-3-ONE (ENANTIOMERIC MIX)	1	False	ESR1
CUMENE HYDROPEROXIDE	1	False	ESR1
PYRITHIONE ZINC	1	True	ESR1
N-PROPYL BROMIDE	1	False	ESR1
PHENAZOPYRIDINE HYDROCHLORIDE	1	True	ESR1
CHEMBL:CHEMBL259327	1	False	ESR1
CHEMBL:CHEMBL354663	1	False	ESR1
CHEMBL:CHEMBL1432305	1	False	ESR1
PHENOLPHTHALEIN	1	True	ESR1
CHEMBL:CHEMBL2313445	1	False	ESR1
CADMIUM DICHLORIDE	1	False	ESR1
MONOETHANOLAMINE	1	False	ESR1
PUERARIN	1	False	ESR1
TRIS(2,3-DIBROMOPROPYL)PHOSPHATE	1	False	ESR1
SELECTIVE ESTROGEN RECEPTOR DEGRADER AZD9496	1	False	ESR1
CHEMBL:CHEMBL503990	1	False	ESR1
DIENOGEST	1	True	ESR1
CETRIMONIUM BROMIDE	1	False	ESR1
APIGENIN	1	True	ESR1
DACTINOMYCIN	1	True	ESR1
ENDOSULFAN	1	False	ESR1
PACLITAXEL	1	True	MAD1L1
CARBOPLATIN	1	True	MAD1L1
IL-37	1	False	GTF2I
(1S,3R)-ACPD	1	False	GRM8
MPPG	1	False	GRM8
AZ12216052	1	False	GRM8
(S)-3,4-DCPG	1	False	GRM8
DCG-IV	1	False	GRM8
VU0422288	1	False	GRM8
VU0155094	1	False	GRM8
L-CCG-I	1	False	GRM8
LY341495	1	False	GRM8
D-AP4	1	False	GRM8
DEXFOSFOSERINE	1	False	GRM8
EGLUMEGAD	1	False	GRM8
(R,S)-4-PPG	1	False	GRM8
L-AP4	1	False	GRM8
GLUTAMIC ACID	1	True	GRM8
METFORMIN	1	True	CSMD1
TDE	1	False	CYP7B1
ADRIAMYCIN	1	False	CYP7B1
TIRAPAZAMINE	1	False	CYP7B1
ANTI-DIABETIC AGENT	1	False	CYP7B1
FADROZOLE	1	False	CYP7B1
LYCOPENE	1	True	CYP7B1
SPIRONOLACTONE	1	True	CYP7B1
ACETAMINOPHEN	1	True	CYP7B1
SAPONIN	1	False	CYP7B1
MITOMYCIN	1	True	CYP7B1
DIAZOXIDE	1	True	CYP7B1
SAQUINAVIR	1	True	CYP7B1
GINKGO	1	False	CYP7B1
TRANDOLAPRIL	1	True	PTPRD
7-BIA	1	False	PTPRD
CIXUTUMUMAB	1	False	PTPRD
TEMSIROLIMUS	1	True	PTPRD
TEPROTUMUMAB-TRBW	1	True	PTPRD
ANTIHYPERTENSIVE AGENT	1	False	PTPRD
PIOGLITAZONE HYDROCHLORIDE	1	True	PTPRD
COMPOUND 17 [PMID: 23642479]	1	False	ELAVL2
MW01	1	False	ELAVL2
KINASE INHIBITOR 2 [PMID: 30199702]	1	False	ELAVL2
MW05	1	False	ELAVL2
ML315	1	False	ELAVL2
TCDD	1	False	PAX5
VISMODEGIB	1	True	PTCH1
SONIDEGIB	1	True	PTCH1
FENTANYL CITRATE	1	True	ASTN2
TORIN 2	1	False	GOLGA1
AZD7648	1	False	GOLGA1
WORTMANNIN	1	False	GOLGA1
PI-103	1	False	GOLGA1
DNA-PK INHIBITOR V	1	False	GOLGA1
NU-7441	1	False	GOLGA1
COMPOUND 82 [PMID: 21332118]	1	False	GOLGA1
BAY-8400	1	False	GOLGA1
LARTESERTIB	1	False	GOLGA1
PIK-75	1	False	GOLGA1
PEPOSERTIB	1	False	GOLGA1
NU-7026	1	False	GOLGA1
KU-0060648	1	False	GOLGA1
RUTHENIUM-BASED TRANSFERRIN TARGETING AGENT NKP-1339	1	False	HSPA5
AG 490	1	False	HSPA5
CHLORQUINALDOL	1	True	HSPA5
THAPSIGARGIN	1	False	HSPA5
IT-139	1	False	HSPA5
CHEMBL:CHEMBL480626	1	False	HSPA5
NPPB	1	False	HSPA5
CHEMBL:CHEMBL524376	1	False	HSPA5
MIANSERIN	1	False	HSPA5
STROBOPININ	1	False	HSPA5
4-METHYLDAPHNETIN	1	False	HSPA5
RO-6870810	1	False	BRD3
PELABRESIB	1	False	BRD3
CHEMBL:CHEMBL52030	1	False	BRD3
WNY0824	1	False	BRD3
ARV-771	1	False	BRD3
MOLIBRESIB	1	False	BRD3
APABETALONE	1	False	BRD3
MS363	1	False	BRD3
ABBV-744	1	False	BRD3
COMPOUND 36 [PMID: 24000170]	1	False	BRD3
COMPOUND 38 [PMID: 24000170]	1	False	BRD3
MIDAZOLAM HYDROCHLORIDE	1	True	BRD3
GW841819X	1	False	BRD3
XD14	1	False	BRD3
I-BET151	1	False	BRD3
BIRABRESIB	1	False	BRD3
BMS-986158	1	False	BRD3
LY-294002	1	False	BRD3
ESTAZOLAM	1	True	BRD3
LOSARTAN POTASSIUM	1	True	CAMK1D
MONALIZUMAB	1	False	GPR26
ADENOPHOSTIN A	1	False	MPPED2
INOSITOL 2,4,5-TRISPHOSPHATE	1	False	MPPED2
OMECAMTIV MECARBIL	1	False	MYBPC3
C1 ESTERASE INHIBITOR	1	True	SERPING1
RHUCIN	1	False	SERPING1
PEXMETINIB	1	False	CTNND1
TALMAPIMOD	1	False	CTNND1
SB203580	1	False	CTNND1
PH-797804	1	False	CTNND1
COMPOUND 4E [PMID: 35546685]	1	False	CTNND1
RALIMETINIB	1	False	CTNND1
DORAMAPIMOD	1	False	CTNND1
VX-702	1	False	CTNND1
NEFLAMAPIMOD	1	False	CTNND1
ORLISTAT	1	True	DAGLA
DANTROLENE	1	True	DAGLA
RUTHENIUM RED	1	False	DAGLA
MG2+	1	False	DAGLA
RYANODINE	1	False	DAGLA
PROCAINE	1	True	DAGLA
CD2+	1	False	TMEM258
ZN2+	1	False	TMEM258
SRT-1720	1	False	FEN1
CHEMBL:CHEMBL68096	1	False	FEN1
CHEMBL:CHEMBL1287983	1	False	FEN1
CHEMBL:CHEMBL1341830	1	False	FEN1
CARMINIC ACID	1	True	FEN1
TYRPHOSTIN 51	1	False	FEN1
CHEMBL:CHEMBL1534034	1	False	FEN1
CHEMBL:CHEMBL578257	1	False	FEN1
CHEMBL:CHEMBL1509103	1	False	FEN1
GMQ	1	False	FEN1
CHEMBL:CHEMBL582503	1	False	FEN1
CHEMBL:CHEMBL1726814	1	False	FEN1
ACID BLUE 129	1	False	FEN1
CARMINE	1	False	FEN1
INDOCYANINE GREEN ACID FORM	1	True	FEN1
3,5-DIIODO-L-TYROSINE	1	False	FEN1
CHEMBL:CHEMBL589915	1	False	FEN1
CHEMBL:CHEMBL601137	1	False	FEN1
CHEMBL:CHEMBL592598	1	False	FEN1
TBK1 PROTAC 3I	1	False	FEN1
2-METHOXY-1,4-NAPHTHOQUINONE	1	False	FEN1
MORIN	1	False	FEN1
CHEMBL:CHEMBL1312050	1	False	FEN1
PIRARUBICIN	1	False	FEN1
TOLONIUM CHLORIDE	1	False	FEN1
AZ13102909	1	False	FEN1
CHEMBL:CHEMBL223575	1	False	FEN1
CHEMBL:CHEMBL515505	1	False	FEN1
HAEMATOXYLIN	1	False	FEN1
CHEMBL:CHEMBL583558	1	False	FEN1
BIX-01294	1	False	FEN1
SANGUINARINE SULFATE	1	False	FEN1
BAICALEIN	1	False	FEN1
CHEMBL:CHEMBL528724	1	False	FEN1
CHEMBL:CHEMBL1448793	1	False	FEN1
STICTIC ACID	1	False	FEN1
CHEMBL:CHEMBL1528359	1	False	FEN1
AMINACRINE HYDROCHLORIDE	1	False	FEN1
CHEMBL:CHEMBL56393	1	False	FEN1
CHEMBL:CHEMBL136344	1	False	FEN1
FURAMIDINE	1	False	FEN1
AMENTOFLAVONE	1	False	FEN1
CHEMBL:CHEMBL1287980	1	False	FEN1
CHEMBL:CHEMBL1701915	1	False	FEN1
CHEMBL:CHEMBL86464	1	False	FEN1
COMPOUND 6 [PMID: 34333981]	1	False	FEN1
CHEMBL:CHEMBL1256291	1	False	FEN1
CHEMBL:CHEMBL581225	1	False	FEN1
MITONAFIDE	1	False	FEN1
CHEMBL:CHEMBL579919	1	False	FEN1
ASTERRIC ACID	1	False	FEN1
CHEMBL:CHEMBL592316	1	False	FEN1
EBSELEN	1	False	FEN1
CHEMBL:CHEMBL526763	1	False	FEN1
DEOXIEPINEPHRINE	1	False	FEN1
METHACYCLINE HYDROCHLORIDE	1	True	FEN1
TAXIFOLIN	1	False	FEN1
ATHRAQUINONES A	1	False	FEN1
DEPHOSTATIN	1	False	FEN1
4-CHLOROMERCURIBENZOIC ACID	1	False	FEN1
CHEMBL:CHEMBL1453126	1	False	FEN1
CHEMBL:CHEMBL494668	1	False	FEN1
SR8185	1	False	FEN1
CHEMBL:CHEMBL1451216	1	False	FEN1
LUTEOLIN	1	False	FEN1
RHEIN	1	False	FEN1
ISOKAEMPFERIDE	1	False	FEN1
CHEMBL:CHEMBL585502	1	False	FEN1
CHEMBL:CHEMBL547833	1	False	FEN1
CHEMBL:CHEMBL585240	1	False	FEN1
AMARANTH	1	False	FEN1
CHEMBL:CHEMBL1622802	1	False	FEN1
CHEMBL:CHEMBL589924	1	False	FEN1
METHYLDOPA (RACEMIC)	1	False	FEN1
CHEMBL:CHEMBL124006	1	False	FEN1
APOMORPHINE HYDROCHLORIDE HEMIHYDRATE	1	False	FEN1
ISOTHYMONIN	1	False	FEN1
TRANSPLATIN	1	False	FEN1
DECYNIUM 22	1	False	FEN1
CALMIDAZOLIUM CHLORIDE	1	False	FEN1
SLAZINIC ACID	1	False	FEN1
CHARTREUSIN	1	False	FEN1
SB-415286	1	False	FEN1
CATECHIN	1	True	FEN1
CHEMBL:CHEMBL1481974	1	False	FEN1
CHEMBL:CHEMBL521171	1	False	FEN1
CHEMBL:CHEMBL596633	1	False	FEN1
ELLIPTECINE	1	False	FEN1
HOMIDIUM BROMIDE	1	False	FEN1
PURPUROGALLIN	1	False	FEN1
CHEMBL:CHEMBL533082	1	False	FEN1
CHEMBL:CHEMBL19954	1	False	FEN1
CHEMBL:CHEMBL585622	1	False	FEN1
CHEMBL:CHEMBL95704	1	False	FEN1
PYRONIN Y	1	False	FEN1
OXIDOPAMINE HYDROCHLORIDE	1	False	FEN1
CHEMBL:CHEMBL578741	1	False	FEN1
CHEMBL:CHEMBL533954	1	False	FEN1
CHEMBL:CHEMBL532504	1	False	FEN1
CHEMBL:CHEMBL579742	1	False	FEN1
CHEMBL:CHEMBL601364	1	False	FEN1
BENSERAZIDE HYDROCHLORIDE	1	False	FEN1
DEMECLOCYCLINE	1	True	FEN1
HYCANTHONE	1	False	FEN1
CHEMBL:CHEMBL477936	1	False	FEN1
PINAFIDE	1	False	FEN1
CHEMBL:CHEMBL1092508	1	False	FEN1
OXOGLAUCINE	1	False	FEN1
CHEMBL:CHEMBL483206	1	False	FEN1
CHEMBL:CHEMBL234338	1	False	FEN1
CHEMBL:CHEMBL463783	1	False	FEN1
PICEATANNOL	1	False	FEN1
CHEMBL:CHEMBL486706	1	False	FEN1
PROTOPORPHYRIN DISODIUM	1	False	FEN1
ELLAGIC ACID	1	False	FEN1
CHEMBL:CHEMBL151146	1	False	FEN1
CHEMBL:CHEMBL478754	1	False	FEN1
CHEMBL:CHEMBL1255944	1	False	FEN1
CHEMBL:CHEMBL1601846	1	False	FEN1
QUERCETIN	1	True	FEN1
SENNOSIDE B	1	False	FEN1
CHEMBL:CHEMBL581251	1	False	FEN1
3-O-METHYLQUERCETIN	1	False	FEN1
EMODIN	1	False	FEN1
PURPURIN	1	False	FEN1
CHEMBL:CHEMBL516616	1	False	FEN1
MRT67307	1	False	FEN1
CEFSULODIN SODIUM	1	False	FEN1
FRAXETIN	1	False	FEN1
OXOPURPUREINE	1	False	FEN1
HYDROXYZINE PAMOATE	1	True	FEN1
CHEMBL:CHEMBL522983	1	False	FEN1
THUNBERGINOL B	1	False	FEN1
CCG-63802	1	False	FEN1
GSK8612	1	False	FEN1
COMPOUND II [PMID: 21329883]	1	False	FEN1
BAY-985	1	False	FEN1
AKT INHIBITOR IV	1	False	FEN1
CLINAFLOXACIN	1	False	FEN1
GW305074X	1	False	FEN1
DEQUALINIUM	1	True	FEN1
CHEMBL:CHEMBL515252	1	False	FEN1
EPINEPHRINE	1	True	FEN1
CHEMBL:CHEMBL602127	1	False	FEN1
CHEMBL:CHEMBL576781	1	False	FEN1
AURINTRICARBOXYLIC ACID	1	False	FEN1
PHENYLSTIBONIC ACID	1	False	FEN1
PROTOPORPHYRIN	1	False	FEN1
PAMOIC ACID	1	False	FEN1
METHYLENE BLUE ANHYDROUS	1	True	FEN1
QUINACRINE	1	False	FEN1
LAVENDUSTIN C	1	False	FEN1
JP1302	1	False	FEN1
HOMIDIUM	1	False	FEN1
CHEMBL:CHEMBL68534	1	False	FEN1
SANGUINARIUM CHLORIDE	1	False	FEN1
CHEMBL:CHEMBL461193	1	False	FEN1
ML 10302	1	False	FEN1
CHEMBL:CHEMBL22062	1	False	FEN1
CHEMBL:CHEMBL525103	1	False	FEN1
CHEMBL:CHEMBL338115	1	False	FEN1
CHEMBL:CHEMBL584458	1	False	FEN1
DITHIAZANINE	1	False	FEN1
HISPIDIN	1	False	FEN1
CEPHALOCHROMIN	1	False	FEN1
TYRPHOSTIN 23	1	False	FEN1
METHYLTHIONINIUM CHLORIDE	1	False	FEN1
MPI-0485520	1	False	FEN1
CHEMBL:CHEMBL493863	1	False	FEN1
TETRAIDOFLUORESCEIN	1	False	FEN1
FAGARONINE	1	False	FEN1
ERBSTATIN	1	False	FEN1
CHEMBL:CHEMBL578719	1	False	FEN1
OXYTETRACYCLINE ANHYDROUS	1	True	FEN1
CETYLPYRIDINIUM BROMIDE	1	False	FEN1
STREPTONIGRIN	1	False	FEN1
TYRPHOSTIN B48	1	False	FEN1
MOTEXAFIN GADOLINIUM	1	False	PRDX5
CHEMBL:CHEMBL148831	1	False	PRDX5
ADX10059	1	False	GRM5
AZD2516	1	False	GRM5
RG7342	1	False	GRM5
MAVOGLURANT	1	False	GRM5
LY545694	1	False	GRM5
DIPRAGLURANT	1	False	GRM5
AZD2066	1	False	GRM5
BASIMGLURANT	1	False	GRM5
STX-107	1	False	GRM5
GANCICLOVIR	1	True	GRM5
RASEGLURANT	1	False	GRM5
ACAMPROSATE CALCIUM	1	True	GRM5
AZD9272	1	False	GRM5
AZD6538	1	False	GRM5
STX107	1	False	GRM5
VER-246608	1	False	GRM5
AZD7545	1	False	GRM5
BB-10901	1	False	NCAM1
LORVOTUZUMAB MERTANSINE	1	False	NCAM1
ONCOLYSIN S	1	False	NCAM1
REMOXIPRIDE	1	True	DRD2
AXITINIB	1	True	DRD2
QUINAGOLIDE	1	False	DRD2
SULPIRIDE	1	True	DRD2
DOMPERIDONE	1	True	DRD2
TIVOZANIB	1	True	DRD2
PRIDOPIDINE	1	False	DRD2
MINAPRINE	1	True	DRD2
METOCLOPRAMIDE HYDROCHLORIDE	1	True	DRD2
ROXINDOLE	1	False	DRD2
ZM-306416	1	False	DRD2
LOXAPINE	1	True	DRD2
FLUPHENAZINE ENANTHATE	1	True	DRD2
EPHEDRINE	1	True	DRD2
METARAMINOL	1	True	DRD2
PERGOLIDE	1	True	DRD2
APOMORPHINE	1	True	DRD2
FLUPENTHIXOL	1	False	DRD2
MESORIDAZINE	1	True	DRD2
DUAL VEGFR/PARP INHIBITOR 14B	1	False	DRD2
AST-487	1	False	DRD2
TINENGOTINIB	1	False	DRD2
ALIZAPRIDE	1	False	DRD2
MLKL COMPOUND 1	1	False	DRD2
ASENAPINE	1	True	DRD2
BROMOPRIDE	1	False	DRD2
FLUPHENAZINE HYDROCHLORIDE	1	True	DRD2
ITOPRIDE	1	False	DRD2
NAPHAZOLINE	1	True	DRD2
LURASIDONE HYDROCHLORIDE	1	True	DRD2
ASENAPINE MALEATE	1	True	DRD2
PROPOFOL	1	True	DRD2
AMISULPRIDE	1	True	DRD2
TRAZPIROBEN	1	False	DRD2
PLX-4720	1	False	DRD2
SU-14813	1	False	DRD2
SU-11652	1	False	DRD2
CARIPRAZINE	1	True	DRD2
ACETOPHENAZINE	1	True	DRD2
MEPHENTERMINE	1	True	DRD2
SUMANIROLE	1	False	DRD2
BEVANTOLOL	1	False	DRD2
SARIZOTAN HYDROCHLORIDE	1	False	DRD2
AMINEPTIN	1	True	DRD2
COMPOUND 8H [PMID: 22765894]	1	False	DRD2
CHLORPROMAZINE	1	True	DRD2
PRAMIPEXOLE	1	True	DRD2
MOLINDONE	1	True	DRD2
OCAPERIDONE	1	False	DRD2
APLINDORE FUMARATE	1	False	DRD2
ERDAFITINIB	1	True	DRD2
MOTESANIB	1	False	DRD2
CABERGOLINE	1	True	DRD2
ROTIGOTINE	1	True	DRD2
ANIRACETAM	1	False	DRD2
PARDOPRUNOX	1	False	DRD2
CARPHENAZINE	1	True	DRD2
OSI-930	1	False	DRD2
APLINDORE	1	False	DRD2
PIMOZIDE	1	True	DRD2
THIETHYLPERAZINE	1	True	DRD2
BLONANSERIN	1	False	DRD2
GSK2646264	1	False	DRD2
LUCITANIB	1	False	DRD2
AZD-4547	1	False	DRD2
SITRAVATINIB	1	False	DRD2
BIFEPRUNOX	1	False	DRD2
REMOXIPRIDE HYDROCHLORIDE	1	True	DRD2
TRIFLUPROMAZINE	1	True	DRD2
TAFETINIB	1	False	DRD2
SEMAXANIB	1	False	DRD2
BROMOCRIPTINE MESYLATE	1	True	DRD2
OLANZAPINE PAMOATE	1	True	DRD2
CARIPRAZINE HYDROCHLORIDE	1	True	DRD2
ORDOPIDINE	1	False	DRD2
LISURIDE	1	False	DRD2
DIHYDROERGOTAMINE MESYLATE	1	True	DRD2
LAZERTINIB	1	False	DRD2
VEGFC	1	False	DRD2
THIETHYLPERAZINE MALATE	1	True	DRD2
DAPIPRAZOLE	1	True	DRD2
ROPINIROLE	1	True	DRD2
PIPERACETAZINE	1	True	DRD2
PSEUDOEPHEDRINE	1	True	DRD2
BRIVANIB	1	False	DRD2
PAMUFETINIB	1	False	DRD2
ACRIZANIB	1	False	DRD2
COMPOUND 8I [PMID: 22765894]	1	False	DRD2
METHOTRIMEPRAZINE	1	True	DRD2
ZUCLOPENTHIXOL	1	True	DRD2
GOLVATINIB	1	False	DRD2
SULFATINIB	1	False	DRD2
CHLORPROTHIXENE	1	True	DRD2
TRIMIPRAMINE MALEATE	1	True	DRD2
DROPERIDOL	1	True	DRD2
ANALGESIC AGENT	1	False	DRD2
BREXPIPRAZOLE	1	True	DRD2
PHENOXYBENZAMINE	1	True	DRD2
PRALSETINIB	1	True	DRD2
3-[(3-(2-CARBOXYETHYL)-4-METHYLPYRROL-2-YL)METHYLENE]-2-INDOLINONE	1	False	DRD2
DOCARPAMINE	1	False	DRD2
THIOTHIXENE	1	True	DRD2
5-OH-DPAT	1	False	DRD2
ERGONOVINE	1	False	DRD2
SB-773812	1	False	DRD2
BX-912	1	False	DRD2
CANLITINIB	1	False	DRD2
LUMATEPERONE	1	True	DRD2
YKP-1358	1	False	DRD2
THIORIDAZINE	1	True	DRD2
INFIGRATINIB	1	True	DRD2
COMPOUND 19A [PMID: 30503936]	1	False	DRD2
PEGDINETANIB	1	False	DRD2
PEXIDARTINIB	1	True	DRD2
VEGF RECEPTOR 2 KINASE INHIBITOR IV	1	False	DRD2
REGORAFENIB	1	True	DRD2
SARIZOTAN	1	False	DRD2
CARPHENAZINE MALEATE	1	True	DRD2
LOXAPINE HYDROCHLORIDE	1	True	DRD2
MINAPRINE HYDROCHLORIDE	1	True	DRD2
ONZIGOLIDE	1	False	DRD2
SERTINDOLE	1	True	DRD2
FLUSPIRILENE	1	True	DRD2
ABAPERIDONE	1	False	DRD2
MIVAVOTINIB	1	False	DRD2
NINGETINIB	1	False	DRD2
ALTIRATINIB	1	False	DRD2
PRAMIPEXOLE DIHYDROCHLORIDE	1	True	DRD2
BENPERIDOL	1	True	DRD2
JNJ-37822681	1	False	DRD2
OXIDOPAMINE	1	False	DRD2
ZICRONAPINE	1	False	DRD2
FAMITINIB	1	False	DRD2
CATEQUENTINIB	1	False	DRD2
PROMAZINE	1	True	DRD2
VEGFE	1	False	DRD2
CARMOXIROLE	1	False	DRD2
KI-20227	1	False	DRD2
MESORIDAZINE BESYLATE	1	True	DRD2
FLUPHENAZINE DECANOATE	1	True	DRD2
PHENYLTOLOXAMINE	1	True	DRD2
BL-1020	1	False	DRD2
RAMUCIRUMAB	1	True	DRD2
BIBF-1202	1	False	DRD2
SERIDOPIDINE	1	False	DRD2
VERALIPRIDE	1	True	DRD2
PF-00217830	1	False	DRD2
QUINPIROLE	1	False	DRD2
VEGFA	1	False	DRD2
LENVATINIB	1	True	DRD2
SUMATRIPTAN	1	True	DRD2
ETILEVODOPA	1	False	DRD2
PHENTOLAMINE	1	True	DRD2
TALIPEXOLE	1	False	DRD2
TELATINIB	1	False	DRD2
COMPOUND T.14	1	False	DRD2
PROPIOMAZINE	1	True	DRD2
ADOPRAZINE	1	False	DRD2
FRUQUINTINIB	1	True	DRD2
BROMOCRIPTINE	1	True	DRD2
BUSPIRONE	1	True	DRD2
MAZAPERTINE SUCCINATE	1	False	DRD2
CEP-11981	1	False	DRD2
ACETOPHENAZINE MALEATE	1	True	DRD2
TRIFLUPROMAZINE HYDROCHLORIDE	1	True	DRD2
(-)-STEPHOLIDINE	1	False	DRD2
RASAGILINE	1	True	DRD2
ORANTINIB	1	False	DRD2
RESENCATINIB	1	False	DRD2
VEGF RECEPTOR TYROSINE KINASE INHIBITOR III	1	False	DRD2
ONC201	1	False	DRD2
PROMAZINE HYDROCHLORIDE	1	True	DRD2
PERAZINE	1	False	DRD2
HENATINIB	1	False	DRD2
VATALANIB	1	False	DRD2
BROMPERIDOL	1	True	DRD2
BENZQUINAMIDE HYDROCHLORIDE	1	True	DRD2
TRIFLUOPERAZINE	1	True	DRD2
PERGOLIDE MESYLATE	1	True	DRD2
HALOPERIDOL LACTATE	1	True	DRD2
DOPEXAMINE	1	False	DRD2
COMPOUND 13A [PMID: 23639540]	1	False	DRD2
TOCERANIB	1	False	DRD2
NINTEDANIB ESYLATE	1	True	DRD2
VEGF RECEPTOR 2 KINASE INHIBITOR II	1	False	DRD2
TIAPRIDE	1	False	DRD2
CLEBOPRIDE	1	True	DRD2
DIHYDROERGOTOXINE	1	False	DRD2
DIHYDREXIDINE	1	False	DRD2
TESEVATINIB	1	False	DRD2
N-(4-CHLOROPHENYL)-2-[(PYRIDIN-4-YLMETHYL)AMINO]BENZAMIDE	1	False	DRD2
TRIFLUOPERAZINE HYDROCHLORIDE	1	True	DRD2
THIETHYLPERAZINE MALEATE	1	True	DRD2
THIOTHIXENE HYDROCHLORIDE	1	True	DRD2
RIVOCERANIB	1	False	DRD2
ERGOLOID MESYLATES, USP	1	True	DRD2
AMOXAPINE	1	True	DRD2
CHLORPROMAZINE HYDROCHLORIDE	1	True	DRD2
LOXAPINE SUCCINATE	1	True	DRD2
ERGOT ALKALOIDS	1	False	DRD2
MELEVODOPA	1	True	DRD2
TOLAZOLINE	1	True	DRD2
DENOPAMINE	1	False	DRD2
ROPINIROLE HYDROCHLORIDE	1	True	DRD2
PHENYLEPHRINE	1	True	DRD2
UMESPIRONE	1	False	DRD2
DEXPRAMIPEXOLE	1	False	DRD2
LY2874455	1	False	DRD2
METHYLPHENIDATE HYDROCHLORIDE	1	True	OPCML
AMLODIPINE BESYLATE	1	True	CACNA1C
AZD1305	1	False	CACNA1C
NITRENDIPINE	1	True	CACNA1C
NILVADIPINE	1	False	CACNA1C
BENIDIPINE	1	False	CACNA1C
DRONEDARONE HYDROCHLORIDE	1	True	CACNA1C
IBUTILIDE	1	True	CACNA1C
CALCIUM CHANNEL BLOCKER	1	False	CACNA1C
LERCANIDIPINE HYDROCHLORIDE	1	True	CACNA1C
AZELNIDIPINE	1	False	CACNA1C
DILTIAZEM MALATE	1	True	CACNA1C
DILTIAZEM HYDROCHLORIDE	1	True	CACNA1C
CINNARIZINE	1	True	CACNA1C
NICARDIPINE HYDROCHLORIDE	1	True	CACNA1C
MEPIRODIPINE	1	False	CACNA1C
LACIDIPINE	1	True	CACNA1C
NIFEDIPINE	1	True	CACNA1C
MANIDIPINE	1	False	CACNA1C
AMLODIPINE MALEATE	1	True	CACNA1C
LEVAMLODIPINE MALEATE	1	True	CACNA1C
CILNIDIPINE	1	False	CACNA1C
AMLODIPINE BENZOATE	1	True	CACNA1C
RAUWOLFIA SERPENTINA (USP)	1	True	CACNA1C
CAPECITABINE	1	True	SPRY2
PRINABEREL	1	False	ESR2
AUS-131	1	False	ESR2
TRILOSTANE	1	True	ESR2
(S)-LIQUIRITIGENIN	1	False	ESR2
R,R-THC	1	False	ESR2
FERB 033	1	False	ESR2
WAY200070	1	False	ESR2
CHEMBL:CHEMBL2332580	1	False	ESR2
ALENDRONATE SODIUM	1	True	ESR2
ERTEBEREL	1	False	ESR2
ESTRAMUSTINE PHOSPHATE SODIUM	1	True	ESR2
PHTPP	1	False	ESR2
MF101	1	False	ESR2
NARINGENIN	1	False	ESR2
AC-186	1	False	ESR2
GEMCITABINE	1	True	ESR2
MENERBA	1	False	ESR2
HPTE	1	False	ESR2
CR 1447	1	False	ESR2
DIARYLPROPIONITRILE	1	False	ESR2
NORENDOXIFEN	1	False	ESR2
[125I]GDNF (RAT)	1	False	DLST
LY-2090314	1	False	MARK3
CBP-501	1	False	MARK3
DIMETHYLADENINE	1	False	MARK3
VINCRISTINE	1	True	BAHD1
AMUVATINIB	1	False	RAD51
BISANTRENE	1	False	FTO
MERCAPTOPURINE	1	True	FTO
AZATHIOPRINE	1	True	FTO
INTERFERON ALFA-2B	1	True	FTO
LY2087101	1	False	ZFHX3
MECAMYLAMINE	1	True	ZFHX3
[3H]CYTISINE	1	False	ZFHX3
HEXAMETHONIUM	1	False	ZFHX3
CP-601927	1	False	ZFHX3
[125I]EPIBATIDINE	1	False	ZFHX3
KETANSERIN	1	False	CDH13
[125I]IODOVINYL-TBZ	1	False	CDH13
RESERPINE	1	True	CDH13
DEUTETRABENAZINE	1	True	CDH13
[3H]TBZOH	1	False	CDH13
CLOPIDOGREL	1	True	CDH13
[125I]7-AZIDO-8-IODOKETANSERINE	1	False	CDH13
TETRABENAZINE	1	True	CDH13
[11C]DTBZ	1	False	CDH13
BOTULINUM TOXIN TYPE B	1	True	VAMP2
TETRADECANOYLPHORBOL ACETATE	1	False	VAMP2
INSULIN, REGULAR, HUMAN	1	True	VAMP2
PF-03814735	1	False	AURKB
KW-2449	1	False	AURKB
BELUMOSUDIL	1	True	AURKB
BI-847325	1	False	AURKB
BARASERTIB	1	False	AURKB
ZM447439	1	False	AURKB
DACTOLISIB	1	False	AURKB
DANUSERTIB	1	False	AURKB
AURORA B/C KINASE INHIBITOR GSK1070916A	1	False	AURKB
TOZASERTIB LACTATE	1	False	AURKB
AMG-900	1	False	AURKB
AT9283	1	False	AURKB
WITHAFERIN A	1	False	AURKB
AR-AO-14418	1	False	AURKB
GSK1070916	1	False	AURKB
LAS38096	1	False	AURKB
MK-6592	1	False	AURKB
TAK-901	1	False	AURKB
TTP-607	1	False	AURKB
CHEMBL:CHEMBL535331	1	False	AURKB
MLN-8054	1	False	AURKB
CYC116	1	False	AURKB
FASUDIL	1	False	AURKB
BI-811283	1	False	AURKB
AURORA KINASE INHIBITOR AMG 900	1	False	AURKB
MK-5108	1	False	AURKB
EUPATORIN	1	False	AURKB
COPANLISIB	1	True	AURKB
AT-9283	1	False	AURKB
BMS-345541	1	False	AURKB
NERVIANO	1	False	AURKB
COMPOUND 8A [PMID: 24900283]	1	False	ASIC2
COMPOUND 9G [PMID: 24412111]	1	False	ASIC2
[D-PHE6,&BETA;-ALA11,PHE13,NLE14]BOMBESIN-(6-14)	1	False	ASIC2
COMPOUND 17C [PMID: 25497965]	1	False	ASIC2
PHENYLACETYL-ALA,DTRP-PHENTHYLAMIDE	1	False	ASIC2
[D-TYR6,APA-4CL11,PHE13,NLE14]BOMBESIN-(6-14)	1	False	ASIC2
D-NAL-CYS-TYR-D-TRP-LYS-VAL-CYS-NAL-NH2	1	False	ASIC2
[D-TYR6,(R)-APA11,PHE13,NLE14]BOMBESIN-(6-14)	1	False	ASIC2
[125I]BANTAG-1	1	False	ASIC2
COMPOUND 22E [PMID: 20167483]	1	False	ASIC2
BANTAG-1	1	False	ASIC2
MK-7725	1	False	ASIC2
COMPOUND 21B [PMID: 12723954]	1	False	ASIC2
COMPOUND A [PMID: 28324017]	1	False	ASIC2
BAG-1	1	False	ASIC2
ML-18	1	False	ASIC2
NMU (104-114)	1	False	ASIC2
AC-PHE-TRP-ALA-HIS(&TAU;BZL)-NIP-GLY-ARG-NH2	1	False	ASIC2
BAG-2	1	False	ASIC2
[125I][D-TYR6,&BETA;-ALA11,PHE13,NLE14]BOMBESIN-(6-14)	1	False	ASIC2
MK-5046	1	False	ASIC2
COMPOUND 9F [PMID: 24412111]	1	False	ASIC2
MARIMASTAT	1	False	DCC
CGS-27023A	1	False	DCC
UK-356618	1	False	DCC
BATIMASTAT	1	False	DCC
CM-352	1	False	DCC
ILOMASTAT	1	False	DCC
&ALPHA;&BETA;-MEATP	1	False	ATP1A3
NF279	1	False	ATP1A3
L-&BETA;&GAMMA;-MEATP	1	False	ATP1A3
DESLANOSIDE	1	True	ATP1A3
MRS 2219	1	False	ATP1A3
NF023	1	False	ATP1A3
TNP-ATP	1	False	ATP1A3
DIGOXIN	1	True	ATP1A3
DIGITOXIN	1	True	ATP1A3
ISTAROXIME	1	False	ATP1A3
IP5I	1	False	ATP1A3
ACETYLDIGITOXIN	1	True	ATP1A3
NF449	1	False	ATP1A3
LINAGLIPTIN	1	True	POU2F2
CDX-1140	1	False	CD40
CD40 LIGAND	1	False	CD40
TETANUS TOXOID	1	False	CD40
SOTIGALIMAB	1	False	CD40
TENELIXIMAB	1	False	CD40
RECOMBINANT CD40-LIGAND	1	False	CD40
GILORALIMAB	1	False	CD40
DACETUZUMAB	1	False	CD40
BLESELUMAB	1	False	CD40
PG-102	1	False	CD40
CFZ533	1	False	CD40
ALDESLEUKIN	1	True	CD40
LUCATUMUMAB	1	False	CD40
SELICRELUMAB	1	False	CD40
HYDROQUINONE	1	True	CD40
MONOCLONAL ANTIBODY SGN-14	1	False	CD40
AUTOLOGOUS PROSTATE CANCER ANTIGEN-EXPRESSING DENDRITIC CELL VACCINE BPX-101	1	False	CD40
RAVAGALIMAB	1	False	CD40
ISCALIMAB	1	False	CD40
FLUDARABINE	1	True	CD40
MANNOSE-BINDING LECTIN	1	False	CD40
ADP-RIBOSYLATION FACTOR 1	1	False	CSE1L
PIP2	1	False	CSE1L
OLEIC ACID	1	True	CSE1L
FIPI	1	False	CSE1L
VU0364739	1	False	CSE1L
COMPOUND 69 [PMID: 19136975]	1	False	CSE1L
ANTIBIOTIC	1	False	KCNE1
DIURETIC	1	False	KCNE1
INDOMETHACIN	1	True	KCNE1
INDAPAMIDE	1	True	KCNE1
SOTALOL	1	True	KCNE1
AMIODARONE HYDROCHLORIDE	1	True	KCNE1
NORTRIPTYLINE	1	True	CACNG2
AMITRIPTYLINE HYDROCHLORIDE	1	True	CACNG2
CLOMIPRAMINE	1	True	CACNG2
TRIMIPRAMINE	1	True	CACNG2
MONOAMINE OXIDASE INHIBITOR	1	False	CACNG2
DOXEPIN HYDROCHLORIDE	1	True	CACNG2
DESIPRAMINE	1	True	CACNG2
CHEMBL:CHEMBL404916	1	False	EP300
CHEMBL:CHEMBL1797708	1	False	EP300
CHEMBL:CHEMBL257748	1	False	EP300
CHEMBL:CHEMBL1797707	1	False	EP300
GARCINOL	1	False	EP300
STAUROSPORINE	1	False	EP300
