drug	n_mr_target_genes	approved	min_magma_p	min_mr_p	genes
SUNITINIB	2	True	1.45e-14	4.43e-28	DRD2,PBRM1
PAZOPANIB	2	True	1.45e-14	4.43e-28	DRD2,PBRM1
CABOZANTINIB S-MALATE	2	True	1.45e-14	4.43e-28	DRD2,PBRM1
CAFFEINE	2	True	1.45e-14	4.43e-28	DAGLA,DRD2
METHYLDOPA ANHYDROUS	2	True	1.45e-14	4.43e-28	DRD2,FEN1
DOPAMINE	2	True	1.45e-14	4.43e-28	DRD2,FEN1
LEVODOPA	2	True	1.45e-14	4.43e-28	DRD2,FEN1
REMOXIPRIDE	1	True	1.45e-14	4.43e-28	DRD2
AXITINIB	1	True	1.45e-14	4.43e-28	DRD2
CLOZAPINE	1	True	1.45e-14	4.43e-28	DRD2
SULPIRIDE	1	True	1.45e-14	4.43e-28	DRD2
DOMPERIDONE	1	True	1.45e-14	4.43e-28	DRD2
TIVOZANIB	1	True	1.45e-14	4.43e-28	DRD2
MINAPRINE	1	True	1.45e-14	4.43e-28	DRD2
METOCLOPRAMIDE HYDROCHLORIDE	1	True	1.45e-14	4.43e-28	DRD2
LOXAPINE	1	True	1.45e-14	4.43e-28	DRD2
ILOPERIDONE	2	True	1.45e-14	4.43e-28	CELF4,DRD2
FLUPHENAZINE ENANTHATE	1	True	1.45e-14	4.43e-28	DRD2
PERPHENAZINE	1	True	1.45e-14	4.43e-28	DRD2
EPHEDRINE	1	True	1.45e-14	4.43e-28	DRD2
METARAMINOL	1	True	1.45e-14	4.43e-28	DRD2
PERGOLIDE	1	True	1.45e-14	4.43e-28	DRD2
PROCHLORPERAZINE	1	True	1.45e-14	4.43e-28	DRD2
APOMORPHINE	1	True	1.45e-14	4.43e-28	DRD2
MESORIDAZINE	1	True	1.45e-14	4.43e-28	DRD2
QUETIAPINE FUMARATE	1	True	1.45e-14	4.43e-28	DRD2
HALOPERIDOL DECANOATE	1	True	1.45e-14	4.43e-28	DRD2
ASENAPINE	1	True	1.45e-14	4.43e-28	DRD2
FLUPHENAZINE HYDROCHLORIDE	1	True	1.45e-14	4.43e-28	DRD2
RISPERIDONE	1	True	1.45e-14	4.43e-28	DRD2
NAPHAZOLINE	1	True	1.45e-14	4.43e-28	DRD2
LURASIDONE HYDROCHLORIDE	1	True	1.45e-14	4.43e-28	DRD2
ASENAPINE MALEATE	1	True	1.45e-14	4.43e-28	DRD2
PROPOFOL	1	True	1.45e-14	4.43e-28	DRD2
OLANZAPINE	1	True	1.45e-14	4.43e-28	DRD2
AMISULPRIDE	1	True	1.45e-14	4.43e-28	DRD2
CARIPRAZINE	1	True	1.45e-14	4.43e-28	DRD2
ACETOPHENAZINE	1	True	1.45e-14	4.43e-28	DRD2
PALIPERIDONE	1	True	1.45e-14	4.43e-28	DRD2
MEPHENTERMINE	1	True	1.45e-14	4.43e-28	DRD2
AMINEPTIN	1	True	1.45e-14	4.43e-28	DRD2
CHLORPROMAZINE	1	True	1.45e-14	4.43e-28	DRD2
DEHYDRATED ALCOHOL	1	True	1.45e-14	4.43e-28	DRD2
PRAMIPEXOLE	1	True	1.45e-14	4.43e-28	DRD2
MOLINDONE	1	True	1.45e-14	4.43e-28	DRD2
ERDAFITINIB	1	True	1.45e-14	4.43e-28	DRD2
ZIPRASIDONE	1	True	1.45e-14	4.43e-28	DRD2
CABERGOLINE	1	True	1.45e-14	4.43e-28	DRD2
ROTIGOTINE	1	True	1.45e-14	4.43e-28	DRD2
METHAMPHETAMINE	1	True	1.45e-14	4.43e-28	DRD2
CARPHENAZINE	1	True	1.45e-14	4.43e-28	DRD2
ARIPIPRAZOLE LAUROXIL	1	True	1.45e-14	4.43e-28	DRD2
PIMOZIDE	1	True	1.45e-14	4.43e-28	DRD2
THIETHYLPERAZINE	1	True	1.45e-14	4.43e-28	DRD2
REMOXIPRIDE HYDROCHLORIDE	1	True	1.45e-14	4.43e-28	DRD2
TRIFLUPROMAZINE	1	True	1.45e-14	4.43e-28	DRD2
BROMOCRIPTINE MESYLATE	1	True	1.45e-14	4.43e-28	DRD2
OLANZAPINE PAMOATE	1	True	1.45e-14	4.43e-28	DRD2
CARIPRAZINE HYDROCHLORIDE	1	True	1.45e-14	4.43e-28	DRD2
DIHYDROERGOTAMINE MESYLATE	1	True	1.45e-14	4.43e-28	DRD2
THIETHYLPERAZINE MALATE	1	True	1.45e-14	4.43e-28	DRD2
DAPIPRAZOLE	1	True	1.45e-14	4.43e-28	DRD2
ROPINIROLE	1	True	1.45e-14	4.43e-28	DRD2
PIPERACETAZINE	1	True	1.45e-14	4.43e-28	DRD2
PSEUDOEPHEDRINE	1	True	1.45e-14	4.43e-28	DRD2
SORAFENIB	1	True	1.45e-14	4.43e-28	DRD2
METHOTRIMEPRAZINE	1	True	1.45e-14	4.43e-28	DRD2
LITHIUM	1	True	1.45e-14	4.43e-28	DRD2
DISULFIRAM	1	True	1.45e-14	4.43e-28	DRD2
ZUCLOPENTHIXOL	1	True	1.45e-14	4.43e-28	DRD2
CHLORPROTHIXENE	1	True	1.45e-14	4.43e-28	DRD2
TRIMIPRAMINE MALEATE	1	True	1.45e-14	4.43e-28	DRD2
DROPERIDOL	1	True	1.45e-14	4.43e-28	DRD2
NALTREXONE	1	True	1.45e-14	4.43e-28	DRD2
BREXPIPRAZOLE	1	True	1.45e-14	4.43e-28	DRD2
PHENOXYBENZAMINE	1	True	1.45e-14	4.43e-28	DRD2
PRALSETINIB	1	True	1.45e-14	4.43e-28	DRD2
THIOTHIXENE	1	True	1.45e-14	4.43e-28	DRD2
DEXTROAMPHETAMINE SULFATE	1	True	1.45e-14	4.43e-28	DRD2
LUMATEPERONE	1	True	1.45e-14	4.43e-28	DRD2
THIORIDAZINE	1	True	1.45e-14	4.43e-28	DRD2
INFIGRATINIB	1	True	1.45e-14	4.43e-28	DRD2
PEXIDARTINIB	1	True	1.45e-14	4.43e-28	DRD2
REGORAFENIB	1	True	1.45e-14	4.43e-28	DRD2
CARPHENAZINE MALEATE	1	True	1.45e-14	4.43e-28	DRD2
LOXAPINE HYDROCHLORIDE	1	True	1.45e-14	4.43e-28	DRD2
MINAPRINE HYDROCHLORIDE	1	True	1.45e-14	4.43e-28	DRD2
SERTINDOLE	1	True	1.45e-14	4.43e-28	DRD2
FLUSPIRILENE	1	True	1.45e-14	4.43e-28	DRD2
PRAMIPEXOLE DIHYDROCHLORIDE	1	True	1.45e-14	4.43e-28	DRD2
BENPERIDOL	1	True	1.45e-14	4.43e-28	DRD2
PROMAZINE	1	True	1.45e-14	4.43e-28	DRD2
MESORIDAZINE BESYLATE	1	True	1.45e-14	4.43e-28	DRD2
FLUPHENAZINE DECANOATE	1	True	1.45e-14	4.43e-28	DRD2
PHENYLTOLOXAMINE	1	True	1.45e-14	4.43e-28	DRD2
RAMUCIRUMAB	1	True	1.45e-14	4.43e-28	DRD2
VERALIPRIDE	1	True	1.45e-14	4.43e-28	DRD2
LENVATINIB	1	True	1.45e-14	4.43e-28	DRD2
PAREGORIC	1	True	1.45e-14	4.43e-28	DRD2
SUMATRIPTAN	1	True	1.45e-14	4.43e-28	DRD2
PHENTOLAMINE	1	True	1.45e-14	4.43e-28	DRD2
PROPIOMAZINE	1	True	1.45e-14	4.43e-28	DRD2
FRUQUINTINIB	1	True	1.45e-14	4.43e-28	DRD2
BROMOCRIPTINE	1	True	1.45e-14	4.43e-28	DRD2
BUSPIRONE	1	True	1.45e-14	4.43e-28	DRD2
ACETOPHENAZINE MALEATE	1	True	1.45e-14	4.43e-28	DRD2
TRIFLUPROMAZINE HYDROCHLORIDE	1	True	1.45e-14	4.43e-28	DRD2
RASAGILINE	1	True	1.45e-14	4.43e-28	DRD2
PROMAZINE HYDROCHLORIDE	1	True	1.45e-14	4.43e-28	DRD2
BROMPERIDOL	1	True	1.45e-14	4.43e-28	DRD2
BENZQUINAMIDE HYDROCHLORIDE	1	True	1.45e-14	4.43e-28	DRD2
TRIFLUOPERAZINE	1	True	1.45e-14	4.43e-28	DRD2
PERGOLIDE MESYLATE	1	True	1.45e-14	4.43e-28	DRD2
HALOPERIDOL LACTATE	1	True	1.45e-14	4.43e-28	DRD2
NINTEDANIB ESYLATE	1	True	1.45e-14	4.43e-28	DRD2
CLEBOPRIDE	1	True	1.45e-14	4.43e-28	DRD2
TRIFLUOPERAZINE HYDROCHLORIDE	1	True	1.45e-14	4.43e-28	DRD2
THIETHYLPERAZINE MALEATE	1	True	1.45e-14	4.43e-28	DRD2
THIOTHIXENE HYDROCHLORIDE	1	True	1.45e-14	4.43e-28	DRD2
VANDETANIB	1	True	1.45e-14	4.43e-28	DRD2
ERGOLOID MESYLATES, USP	1	True	1.45e-14	4.43e-28	DRD2
AMOXAPINE	1	True	1.45e-14	4.43e-28	DRD2
CHLORPROMAZINE HYDROCHLORIDE	1	True	1.45e-14	4.43e-28	DRD2
LOXAPINE SUCCINATE	1	True	1.45e-14	4.43e-28	DRD2
MELEVODOPA	1	True	1.45e-14	4.43e-28	DRD2
TOLAZOLINE	1	True	1.45e-14	4.43e-28	DRD2
ROPINIROLE HYDROCHLORIDE	1	True	1.45e-14	4.43e-28	DRD2
PHENYLEPHRINE	1	True	1.45e-14	4.43e-28	DRD2
FINGOLIMOD	1	True	1.56e-06	4.38e-17	AMT
PONESIMOD	1	True	1.56e-06	4.38e-17	AMT
SIPONIMOD	1	True	1.56e-06	4.38e-17	AMT
ETRASIMOD	1	True	1.56e-06	4.38e-17	AMT
OZANIMOD	1	True	1.56e-06	4.38e-17	AMT
PRAVASTATIN SODIUM	1	True	5.00e-10	1.61e-15	RHOA
QUINIDINE	1	True	5.00e-10	1.61e-15	RHOA
SIMVASTATIN	1	True	5.00e-10	1.61e-15	RHOA
STREPTOZOCIN	1	True	1.19e-11	1.99e-13	CD40
ALDESLEUKIN	1	True	1.19e-11	1.99e-13	CD40
HYDROQUINONE	1	True	1.19e-11	1.99e-13	CD40
FLUDARABINE	1	True	1.19e-11	1.99e-13	CD40
FLUOROURACIL	3	True	2.74e-11	3.18e-12	GNL3,KLC1,XRCC3
IRINOTECAN HYDROCHLORIDE	2	True	2.74e-11	3.18e-12	KLC1,XRCC3
LEUCOVORIN CALCIUM	2	True	2.74e-11	3.18e-12	KLC1,XRCC3
NIROGACESTAT	1	True	4.22e-11	1.52e-11	PSEN2
ROXADUSTAT	1	True	5.02e-09	4.72e-10	P4HTM
DAPRODUSTAT	1	True	5.02e-09	4.72e-10	P4HTM
ADENOSINE TRIPHOSPHATE	2	True	1.53e-10	4.85e-10	APEH,DAGLA
VALPROIC ACID	1	True	1.53e-10	4.85e-10	APEH
DULOXETINE HYDROCHLORIDE	1	True	2.02e-13	1.15e-09	NCAM1
TRETINOIN	2	True	5.00e-15	1.31e-09	MST1,PTCH1
VISMODEGIB	1	True	3.14e-12	1.31e-09	PTCH1
SONIDEGIB	1	True	3.14e-12	1.31e-09	PTCH1
DOCETAXEL ANHYDROUS	1	True	2.74e-11	1.36e-09	XRCC3
OXALIPLATIN	1	True	2.74e-11	1.36e-09	XRCC3
CISPLATIN	1	True	2.74e-11	1.36e-09	XRCC3
HYDROCHLOROTHIAZIDE	1	True	2.22e-10	1.44e-08	DIAPH3
CYCLOPHOSPHAMIDE ANHYDROUS	1	True	6.65e-08	5.24e-08	GNL3
EPIRUBICIN	1	True	6.65e-08	5.24e-08	GNL3
THIMEROSAL	2	True	5.65e-09	6.69e-08	FEN1,TLR9
CARMINIC ACID	1	True	5.65e-09	6.69e-08	FEN1
INDOCYANINE GREEN ACID FORM	1	True	5.65e-09	6.69e-08	FEN1
GENTIAN VIOLET CATION	1	True	5.65e-09	6.69e-08	FEN1
METHACYCLINE HYDROCHLORIDE	1	True	5.65e-09	6.69e-08	FEN1
MITOXANTRONE	1	True	5.65e-09	6.69e-08	FEN1
DAUNORUBICIN HYDROCHLORIDE	1	True	5.65e-09	6.69e-08	FEN1
METHOXSALEN	1	True	5.65e-09	6.69e-08	FEN1
NOREPINEPHRINE	1	True	5.65e-09	6.69e-08	FEN1
CATECHIN	1	True	5.65e-09	6.69e-08	FEN1
DOXYCYCLINE ANHYDROUS	1	True	5.65e-09	6.69e-08	FEN1
DEMECLOCYCLINE	1	True	5.65e-09	6.69e-08	FEN1
QUERCETIN	1	True	5.65e-09	6.69e-08	FEN1
IDARUBICIN	1	True	5.65e-09	6.69e-08	FEN1
HYDROXYZINE PAMOATE	1	True	5.65e-09	6.69e-08	FEN1
DEQUALINIUM	1	True	5.65e-09	6.69e-08	FEN1
EPINEPHRINE	1	True	5.65e-09	6.69e-08	FEN1
METHYLENE BLUE ANHYDROUS	1	True	5.65e-09	6.69e-08	FEN1
AMLEXANOX	1	True	5.65e-09	6.69e-08	FEN1
MITOXANTRONE HYDROCHLORIDE	1	True	5.65e-09	6.69e-08	FEN1
MASOPROCOL	1	True	5.65e-09	6.69e-08	FEN1
OXYTETRACYCLINE ANHYDROUS	1	True	5.65e-09	6.69e-08	FEN1
EVEROLIMUS	1	True	4.41e-08	6.75e-08	PBRM1
DURVALUMAB	1	True	4.41e-08	6.75e-08	PBRM1
ALPRAZOLAM	1	True	4.41e-08	6.75e-08	PBRM1
IPILIMUMAB	1	True	4.41e-08	6.75e-08	PBRM1
NIVOLUMAB	1	True	4.41e-08	6.75e-08	PBRM1
PEMBROLIZUMAB	1	True	4.41e-08	6.75e-08	PBRM1
BELZUTIFAN	1	True	4.41e-08	6.75e-08	PBRM1
ATEZOLIZUMAB	1	True	4.41e-08	6.75e-08	PBRM1
TRIAZOLAM	1	True	4.41e-08	6.75e-08	PBRM1
CITALOPRAM	1	True	1.04e-06	1.45e-07	METTL21A
HYDROXYCHLOROQUINE	1	True	2.02e-07	2.17e-07	TLR9
INFLIXIMAB-DYYB	1	True	2.02e-07	2.17e-07	TLR9
ADALIMUMAB-ADBM	1	True	2.02e-07	2.17e-07	TLR9
CHLOROQUINE	1	True	2.02e-07	2.17e-07	TLR9
HYDROXYCHLOROQUINE SULFATE	1	True	2.02e-07	2.17e-07	TLR9
AGATOLIMOD SODIUM	1	True	2.02e-07	2.17e-07	TLR9
ETANERCEPT-SZZS	1	True	2.02e-07	2.17e-07	TLR9
BOTULINUM TOXIN TYPE B	1	True	3.63e-07	2.35e-07	VAMP2
INSULIN, REGULAR, HUMAN	1	True	3.63e-07	2.35e-07	VAMP2
ALBUTEROL SULFATE	1	True	6.81e-08	4.95e-07	CLOCK
INTERFERON BETA-1A	1	True	2.52e-06	9.59e-07	GAPVD1
INTERFERON BETA-1B	1	True	2.52e-06	9.59e-07	GAPVD1
PALBOCICLIB	1	True	1.38e-06	1.28e-06	MST1R
ENTRECTINIB	1	True	1.38e-06	1.28e-06	MST1R
DASATINIB ANHYDROUS	1	True	1.76e-06	1.69e-06	FES
OCRIPLASMIN	1	True	6.72e-15	3.24e-06	LAMB2
ORLISTAT	1	True	1.04e-06	4.31e-06	DAGLA
DANTROLENE	1	True	1.04e-06	4.31e-06	DAGLA
PROCAINE	1	True	1.04e-06	4.31e-06	DAGLA
GLESATINIB	2	False	1.45e-14	4.43e-28	DRD2,MST1R
MK-2461	2	False	1.45e-14	4.43e-28	DRD2,MST1R
NULL	10	False	1.78e-18	4.43e-28	CD40,DAGLA,DRD2,FURIN,MST1R,NCAM1,PBRM1,SDK1,TLR9,ZNF165
DOVITINIB	3	False	1.45e-14	4.43e-28	DRD2,MST1R,NEK4
CENISERTIB	3	False	1.45e-14	4.43e-28	DRD2,MST1R,NEK4
ILORASERTIB	3	False	1.45e-14	4.43e-28	DRD2,MST1R,NEK4
RG-1530	2	False	1.45e-14	4.43e-28	DRD2,MST1R
CEDIRANIB	2	False	1.45e-14	4.43e-28	DRD2,MST1R
LINIFANIB	3	False	1.45e-14	4.43e-28	DRD2,FES,MST1R
FORETINIB	3	False	1.45e-14	4.43e-28	DRD2,MST1R,PTCH1
BX-795	2	False	1.45e-14	4.43e-28	DRD2,FEN1
QUINAGOLIDE	1	False	1.45e-14	4.43e-28	DRD2
PRIDOPIDINE	1	False	1.45e-14	4.43e-28	DRD2
ROXINDOLE	1	False	1.45e-14	4.43e-28	DRD2
ZM-306416	1	False	1.45e-14	4.43e-28	DRD2
NEMONAPRIDE	1	False	1.45e-14	4.43e-28	DRD2
FLUPENTHIXOL	1	False	1.45e-14	4.43e-28	DRD2
DUAL VEGFR/PARP INHIBITOR 14B	1	False	1.45e-14	4.43e-28	DRD2
AST-487	1	False	1.45e-14	4.43e-28	DRD2
TINENGOTINIB	1	False	1.45e-14	4.43e-28	DRD2
ALIZAPRIDE	1	False	1.45e-14	4.43e-28	DRD2
MLKL COMPOUND 1	1	False	1.45e-14	4.43e-28	DRD2
BROMOPRIDE	1	False	1.45e-14	4.43e-28	DRD2
ITOPRIDE	1	False	1.45e-14	4.43e-28	DRD2
TRAZPIROBEN	1	False	1.45e-14	4.43e-28	DRD2
PLX-4720	1	False	1.45e-14	4.43e-28	DRD2
SU-14813	1	False	1.45e-14	4.43e-28	DRD2
SU-11652	1	False	1.45e-14	4.43e-28	DRD2
SUMANIROLE	1	False	1.45e-14	4.43e-28	DRD2
BEVANTOLOL	1	False	1.45e-14	4.43e-28	DRD2
SARIZOTAN HYDROCHLORIDE	1	False	1.45e-14	4.43e-28	DRD2
COMPOUND 8H [PMID: 22765894]	1	False	1.45e-14	4.43e-28	DRD2
OCAPERIDONE	1	False	1.45e-14	4.43e-28	DRD2
APLINDORE FUMARATE	1	False	1.45e-14	4.43e-28	DRD2
MOTESANIB	1	False	1.45e-14	4.43e-28	DRD2
ANIRACETAM	1	False	1.45e-14	4.43e-28	DRD2
PARDOPRUNOX	1	False	1.45e-14	4.43e-28	DRD2
OSI-930	1	False	1.45e-14	4.43e-28	DRD2
APLINDORE	1	False	1.45e-14	4.43e-28	DRD2
BLONANSERIN	1	False	1.45e-14	4.43e-28	DRD2
GSK2646264	1	False	1.45e-14	4.43e-28	DRD2
LUCITANIB	1	False	1.45e-14	4.43e-28	DRD2
AZD-4547	1	False	1.45e-14	4.43e-28	DRD2
SITRAVATINIB	1	False	1.45e-14	4.43e-28	DRD2
BIFEPRUNOX	1	False	1.45e-14	4.43e-28	DRD2
TAFETINIB	1	False	1.45e-14	4.43e-28	DRD2
SEMAXANIB	1	False	1.45e-14	4.43e-28	DRD2
ORDOPIDINE	1	False	1.45e-14	4.43e-28	DRD2
LISURIDE	1	False	1.45e-14	4.43e-28	DRD2
LAZERTINIB	1	False	1.45e-14	4.43e-28	DRD2
CP-547632	1	False	1.45e-14	4.43e-28	DRD2
PP-121	1	False	1.45e-14	4.43e-28	DRD2
VEGFC	1	False	1.45e-14	4.43e-28	DRD2
AEE788	1	False	1.45e-14	4.43e-28	DRD2
BRIVANIB	1	False	1.45e-14	4.43e-28	DRD2
PAMUFETINIB	1	False	1.45e-14	4.43e-28	DRD2
ACRIZANIB	1	False	1.45e-14	4.43e-28	DRD2
COMPOUND 8I [PMID: 22765894]	1	False	1.45e-14	4.43e-28	DRD2
GOLVATINIB	1	False	1.45e-14	4.43e-28	DRD2
SULFATINIB	1	False	1.45e-14	4.43e-28	DRD2
ANALGESIC AGENT	1	False	1.45e-14	4.43e-28	DRD2
3-[(3-(2-CARBOXYETHYL)-4-METHYLPYRROL-2-YL)METHYLENE]-2-INDOLINONE	1	False	1.45e-14	4.43e-28	DRD2
DOCARPAMINE	1	False	1.45e-14	4.43e-28	DRD2
5-OH-DPAT	1	False	1.45e-14	4.43e-28	DRD2
ERGONOVINE	1	False	1.45e-14	4.43e-28	DRD2
SB-773812	1	False	1.45e-14	4.43e-28	DRD2
BX-912	1	False	1.45e-14	4.43e-28	DRD2
CANLITINIB	1	False	1.45e-14	4.43e-28	DRD2
YKP-1358	1	False	1.45e-14	4.43e-28	DRD2
BMS-690514	1	False	1.45e-14	4.43e-28	DRD2
COMPOUND 19A [PMID: 30503936]	1	False	1.45e-14	4.43e-28	DRD2
PEGDINETANIB	1	False	1.45e-14	4.43e-28	DRD2
VEGF RECEPTOR 2 KINASE INHIBITOR IV	1	False	1.45e-14	4.43e-28	DRD2
SARIZOTAN	1	False	1.45e-14	4.43e-28	DRD2
ONZIGOLIDE	1	False	1.45e-14	4.43e-28	DRD2
ABAPERIDONE	1	False	1.45e-14	4.43e-28	DRD2
MIVAVOTINIB	1	False	1.45e-14	4.43e-28	DRD2
NINGETINIB	1	False	1.45e-14	4.43e-28	DRD2
ALTIRATINIB	1	False	1.45e-14	4.43e-28	DRD2
JNJ-37822681	1	False	1.45e-14	4.43e-28	DRD2
OXIDOPAMINE	1	False	1.45e-14	4.43e-28	DRD2
ZICRONAPINE	1	False	1.45e-14	4.43e-28	DRD2
FAMITINIB	1	False	1.45e-14	4.43e-28	DRD2
CATEQUENTINIB	1	False	1.45e-14	4.43e-28	DRD2
VEGFE	1	False	1.45e-14	4.43e-28	DRD2
CARMOXIROLE	1	False	1.45e-14	4.43e-28	DRD2
KI-20227	1	False	1.45e-14	4.43e-28	DRD2
BL-1020	1	False	1.45e-14	4.43e-28	DRD2
BIBF-1202	1	False	1.45e-14	4.43e-28	DRD2
SERIDOPIDINE	1	False	1.45e-14	4.43e-28	DRD2
PF-00217830	1	False	1.45e-14	4.43e-28	DRD2
QUINPIROLE	1	False	1.45e-14	4.43e-28	DRD2
VEGFA	1	False	1.45e-14	4.43e-28	DRD2
ETILEVODOPA	1	False	1.45e-14	4.43e-28	DRD2
TALIPEXOLE	1	False	1.45e-14	4.43e-28	DRD2
TELATINIB	1	False	1.45e-14	4.43e-28	DRD2
COMPOUND T.14	1	False	1.45e-14	4.43e-28	DRD2
ADOPRAZINE	1	False	1.45e-14	4.43e-28	DRD2
MAZAPERTINE SUCCINATE	1	False	1.45e-14	4.43e-28	DRD2
CEP-11981	1	False	1.45e-14	4.43e-28	DRD2
(-)-STEPHOLIDINE	1	False	1.45e-14	4.43e-28	DRD2
ORANTINIB	1	False	1.45e-14	4.43e-28	DRD2
RESENCATINIB	1	False	1.45e-14	4.43e-28	DRD2
VEGF RECEPTOR TYROSINE KINASE INHIBITOR III	1	False	1.45e-14	4.43e-28	DRD2
ONC201	1	False	1.45e-14	4.43e-28	DRD2
PERAZINE	1	False	1.45e-14	4.43e-28	DRD2
HENATINIB	1	False	1.45e-14	4.43e-28	DRD2
VATALANIB	1	False	1.45e-14	4.43e-28	DRD2
DORSOMORPHIN	1	False	1.45e-14	4.43e-28	DRD2
DOPEXAMINE	1	False	1.45e-14	4.43e-28	DRD2
COMPOUND 13A [PMID: 23639540]	1	False	1.45e-14	4.43e-28	DRD2
TOCERANIB	1	False	1.45e-14	4.43e-28	DRD2
VEGF RECEPTOR 2 KINASE INHIBITOR II	1	False	1.45e-14	4.43e-28	DRD2
TIAPRIDE	1	False	1.45e-14	4.43e-28	DRD2
DIHYDROERGOTOXINE	1	False	1.45e-14	4.43e-28	DRD2
DIHYDREXIDINE	1	False	1.45e-14	4.43e-28	DRD2
TESEVATINIB	1	False	1.45e-14	4.43e-28	DRD2
N-(4-CHLOROPHENYL)-2-[(PYRIDIN-4-YLMETHYL)AMINO]BENZAMIDE	1	False	1.45e-14	4.43e-28	DRD2
RIVOCERANIB	1	False	1.45e-14	4.43e-28	DRD2
ERGOT ALKALOIDS	1	False	1.45e-14	4.43e-28	DRD2
DENOPAMINE	1	False	1.45e-14	4.43e-28	DRD2
ENMD-2076	1	False	1.45e-14	4.43e-28	DRD2
IBCASERTIB	1	False	1.45e-14	4.43e-28	DRD2
UMESPIRONE	1	False	1.45e-14	4.43e-28	DRD2
DEXPRAMIPEXOLE	1	False	1.45e-14	4.43e-28	DRD2
LY2874455	1	False	1.45e-14	4.43e-28	DRD2
GP-120 ANTIGEN	2	False	1.19e-11	3.02e-19	CD40,GPX1
KL044	1	False	5.22e-09	3.02e-19	GPX1
SPM-354	1	False	1.56e-06	4.38e-17	AMT
W146	1	False	1.56e-06	4.38e-17	AMT
SPHINGOSINE 1-PHOSPHATE	1	False	1.56e-06	4.38e-17	AMT
A-971432	1	False	1.56e-06	4.38e-17	AMT
SAR247799	1	False	1.56e-06	4.38e-17	AMT
FINGOLIMOD-PHOSPHATE	1	False	1.56e-06	4.38e-17	AMT
AFD(R)	1	False	1.56e-06	4.38e-17	AMT
ASP4058	1	False	1.56e-06	4.38e-17	AMT
RP-101075	1	False	1.56e-06	4.38e-17	AMT
VPC44116	1	False	1.56e-06	4.38e-17	AMT
SEW2871	1	False	1.56e-06	4.38e-17	AMT
RP-001	1	False	1.56e-06	4.38e-17	AMT
BMS-986104 DERIVATIVE 24	1	False	1.56e-06	4.38e-17	AMT
CYM5442	1	False	1.56e-06	4.38e-17	AMT
COMPOUND 43 [PMID: 26751273]	1	False	1.56e-06	4.38e-17	AMT
VPC03090-P	1	False	1.56e-06	4.38e-17	AMT
BMS-986104 DERIVATIVE 12	1	False	1.56e-06	4.38e-17	AMT
ST-2191	1	False	1.56e-06	4.38e-17	AMT
AMISELIMOD PHOSPHATE	1	False	1.56e-06	4.38e-17	AMT
GSK-2018682	1	False	1.56e-06	4.38e-17	AMT
COMPOUND 26 [PMID: 16190743]	1	False	1.56e-06	4.38e-17	AMT
CYM5181	1	False	1.56e-06	4.38e-17	AMT
AUY954	1	False	1.56e-06	4.38e-17	AMT
ST-1505	1	False	1.56e-06	4.38e-17	AMT
ICANBELIMOD	1	False	1.56e-06	4.38e-17	AMT
CENERIMOD	1	False	1.56e-06	4.38e-17	AMT
NIBR-0213	1	False	1.56e-06	4.38e-17	AMT
VPC23019	1	False	1.56e-06	4.38e-17	AMT
BMS-986166	1	False	1.56e-06	4.38e-17	AMT
ST-1478	1	False	1.56e-06	4.38e-17	AMT
UAMC00039	1	False	5.63e-13	1.43e-15	DAG1
ROTTLERIN	1	False	5.00e-10	1.61e-15	RHOA
CLAUSINE E	1	False	5.00e-10	1.61e-15	RHOA
NS004	1	False	5.00e-10	1.61e-15	RHOA
NS1619	1	False	5.00e-10	1.61e-15	RHOA
CDX-1140	1	False	1.19e-11	1.99e-13	CD40
CD40 LIGAND	1	False	1.19e-11	1.99e-13	CD40
TETANUS TOXOID	1	False	1.19e-11	1.99e-13	CD40
SOTIGALIMAB	1	False	1.19e-11	1.99e-13	CD40
TENELIXIMAB	1	False	1.19e-11	1.99e-13	CD40
RECOMBINANT CD40-LIGAND	1	False	1.19e-11	1.99e-13	CD40
GILORALIMAB	1	False	1.19e-11	1.99e-13	CD40
DACETUZUMAB	1	False	1.19e-11	1.99e-13	CD40
BLESELUMAB	1	False	1.19e-11	1.99e-13	CD40
PG-102	1	False	1.19e-11	1.99e-13	CD40
CFZ533	1	False	1.19e-11	1.99e-13	CD40
LUCATUMUMAB	1	False	1.19e-11	1.99e-13	CD40
SELICRELUMAB	1	False	1.19e-11	1.99e-13	CD40
MONOCLONAL ANTIBODY SGN-14	1	False	1.19e-11	1.99e-13	CD40
AUTOLOGOUS PROSTATE CANCER ANTIGEN-EXPRESSING DENDRITIC CELL VACCINE BPX-101	1	False	1.19e-11	1.99e-13	CD40
RAVAGALIMAB	1	False	1.19e-11	1.99e-13	CD40
ISCALIMAB	1	False	1.19e-11	1.99e-13	CD40
MANNOSE-BINDING LECTIN	1	False	1.19e-11	1.99e-13	CD40
RG-4733	1	False	4.22e-11	1.52e-11	PSEN2
SEMAGACESTAT	1	False	4.22e-11	1.52e-11	PSEN2
CHEMBL:CHEMBL247471	1	False	4.22e-11	1.52e-11	PSEN2
AVAGACESTAT	1	False	4.22e-11	1.52e-11	PSEN2
NOTCH SIGNALING PATHWAY INHIBITOR MK0752	1	False	4.22e-11	1.52e-11	PSEN2
CHEMBL:CHEMBL392068	1	False	4.22e-11	1.52e-11	PSEN2
BEGACESTAT	1	False	4.22e-11	1.52e-11	PSEN2
GSI-136	1	False	4.22e-11	1.52e-11	PSEN2
IC261	1	False	4.22e-11	1.52e-11	PSEN2
TARENFLURBIL	1	False	4.22e-11	1.52e-11	PSEN2
2MESATP	1	False	1.53e-10	4.85e-10	APEH
NF546	1	False	1.53e-10	4.85e-10	APEH
BZATP	1	False	1.53e-10	4.85e-10	APEH
ADP&BETA;S	1	False	1.53e-10	4.85e-10	APEH
DATP	1	False	1.53e-10	4.85e-10	APEH
SURAMIN	3	False	1.53e-10	4.85e-10	APEH,DAGLA,FEN1
ATP&GAMMA;S	1	False	1.53e-10	4.85e-10	APEH
NF340	1	False	1.53e-10	4.85e-10	APEH
NADIDE	1	False	1.53e-10	4.85e-10	APEH
NF157	1	False	1.53e-10	4.85e-10	APEH
ADP	1	False	1.53e-10	4.85e-10	APEH
REACTIVE BLUE-2	1	False	1.53e-10	4.85e-10	APEH
URIDINE 5'-TRIPHOSPHATE	1	False	1.53e-10	4.85e-10	APEH
NAADP	1	False	1.53e-10	4.85e-10	APEH
AR-C67085	1	False	1.53e-10	4.85e-10	APEH
CHEMBL:CHEMBL404916	1	False	5.38e-07	6.17e-10	EP300
CHEMBL:CHEMBL1797708	1	False	5.38e-07	6.17e-10	EP300
CHEMBL:CHEMBL257748	1	False	5.38e-07	6.17e-10	EP300
CHEMBL:CHEMBL1797707	1	False	5.38e-07	6.17e-10	EP300
GARCINOL	1	False	5.38e-07	6.17e-10	EP300
STAUROSPORINE	1	False	5.38e-07	6.17e-10	EP300
CD2+	1	False	4.19e-09	1.02e-09	TMEM258
ZN2+	1	False	4.19e-09	1.02e-09	TMEM258
BB-10901	1	False	2.02e-13	1.15e-09	NCAM1
LORVOTUZUMAB MERTANSINE	1	False	2.02e-13	1.15e-09	NCAM1
ONCOLYSIN S	1	False	2.02e-13	1.15e-09	NCAM1
MARIMASTAT	1	False	1.43e-27	1.23e-09	DCC
CGS-27023A	1	False	1.43e-27	1.23e-09	DCC
UK-356618	1	False	1.43e-27	1.23e-09	DCC
BATIMASTAT	1	False	1.43e-27	1.23e-09	DCC
CM-352	1	False	1.43e-27	1.23e-09	DCC
ILOMASTAT	1	False	1.43e-27	1.23e-09	DCC
CA2+	2	False	1.14e-10	3.05e-09	DAGLA,MYRF
IP3	1	False	1.14e-10	3.05e-09	MYRF
DECAVANADATE	1	False	1.14e-10	3.05e-09	MYRF
ALEXIDINE HYDROCHLORIDE	2	False	5.65e-09	6.69e-08	FEN1,TLR9
CHEMBL:CHEMBL505670	2	False	5.65e-09	6.69e-08	FEN1,TLR9
SRT-1720	1	False	5.65e-09	6.69e-08	FEN1
CHEMBL:CHEMBL68096	1	False	5.65e-09	6.69e-08	FEN1
CHEMBL:CHEMBL1287983	1	False	5.65e-09	6.69e-08	FEN1
CHEMBL:CHEMBL1341830	1	False	5.65e-09	6.69e-08	FEN1
TYRPHOSTIN 51	1	False	5.65e-09	6.69e-08	FEN1
CHEMBL:CHEMBL1534034	1	False	5.65e-09	6.69e-08	FEN1
CHEMBL:CHEMBL578257	1	False	5.65e-09	6.69e-08	FEN1
CHEMBL:CHEMBL1509103	1	False	5.65e-09	6.69e-08	FEN1
GMQ	1	False	5.65e-09	6.69e-08	FEN1
CHEMBL:CHEMBL582503	1	False	5.65e-09	6.69e-08	FEN1
CHEMBL:CHEMBL1726814	1	False	5.65e-09	6.69e-08	FEN1
ACID BLUE 129	1	False	5.65e-09	6.69e-08	FEN1
CARMINE	1	False	5.65e-09	6.69e-08	FEN1
3,5-DIIODO-L-TYROSINE	1	False	5.65e-09	6.69e-08	FEN1
CHEMBL:CHEMBL589915	1	False	5.65e-09	6.69e-08	FEN1
CHEMBL:CHEMBL601137	1	False	5.65e-09	6.69e-08	FEN1
CHEMBL:CHEMBL592598	1	False	5.65e-09	6.69e-08	FEN1
LOMOFUNGIN	1	False	5.65e-09	6.69e-08	FEN1
TBK1 PROTAC 3I	1	False	5.65e-09	6.69e-08	FEN1
2-METHOXY-1,4-NAPHTHOQUINONE	1	False	5.65e-09	6.69e-08	FEN1
MORIN	1	False	5.65e-09	6.69e-08	FEN1
CHEMBL:CHEMBL1312050	1	False	5.65e-09	6.69e-08	FEN1
PIRARUBICIN	1	False	5.65e-09	6.69e-08	FEN1
TOLONIUM CHLORIDE	1	False	5.65e-09	6.69e-08	FEN1
AZ13102909	1	False	5.65e-09	6.69e-08	FEN1
CHEMBL:CHEMBL223575	1	False	5.65e-09	6.69e-08	FEN1
AMINODIMETHOXYQUINAZOLINYLPIPERAZINE	1	False	5.65e-09	6.69e-08	FEN1
CHEMBL:CHEMBL515505	1	False	5.65e-09	6.69e-08	FEN1
HAEMATOXYLIN	1	False	5.65e-09	6.69e-08	FEN1
CHEMBL:CHEMBL583558	1	False	5.65e-09	6.69e-08	FEN1
BIX-01294	1	False	5.65e-09	6.69e-08	FEN1
SANGUINARINE SULFATE	1	False	5.65e-09	6.69e-08	FEN1
MYRICETIN	1	False	5.65e-09	6.69e-08	FEN1
BAICALEIN	1	False	5.65e-09	6.69e-08	FEN1
CHEMBL:CHEMBL528724	1	False	5.65e-09	6.69e-08	FEN1
CHEMBL:CHEMBL1448793	1	False	5.65e-09	6.69e-08	FEN1
STICTIC ACID	1	False	5.65e-09	6.69e-08	FEN1
CHEMBL:CHEMBL1528359	1	False	5.65e-09	6.69e-08	FEN1
AMINACRINE HYDROCHLORIDE	1	False	5.65e-09	6.69e-08	FEN1
CHEMBL:CHEMBL56393	1	False	5.65e-09	6.69e-08	FEN1
CHEMBL:CHEMBL136344	1	False	5.65e-09	6.69e-08	FEN1
FURAMIDINE	1	False	5.65e-09	6.69e-08	FEN1
AMENTOFLAVONE	1	False	5.65e-09	6.69e-08	FEN1
CHEMBL:CHEMBL1287980	1	False	5.65e-09	6.69e-08	FEN1
CHEMBL:CHEMBL1701915	1	False	5.65e-09	6.69e-08	FEN1
CHEMBL:CHEMBL86464	1	False	5.65e-09	6.69e-08	FEN1
COMPOUND 6 [PMID: 34333981]	1	False	5.65e-09	6.69e-08	FEN1
CHEMBL:CHEMBL1256291	1	False	5.65e-09	6.69e-08	FEN1
CHEMBL:CHEMBL581225	1	False	5.65e-09	6.69e-08	FEN1
MITONAFIDE	1	False	5.65e-09	6.69e-08	FEN1
CHEMBL:CHEMBL579919	1	False	5.65e-09	6.69e-08	FEN1
ASTERRIC ACID	1	False	5.65e-09	6.69e-08	FEN1
CHEMBL:CHEMBL592316	1	False	5.65e-09	6.69e-08	FEN1
EBSELEN	1	False	5.65e-09	6.69e-08	FEN1
CHEMBL:CHEMBL526763	1	False	5.65e-09	6.69e-08	FEN1
DEOXIEPINEPHRINE	1	False	5.65e-09	6.69e-08	FEN1
TAXIFOLIN	1	False	5.65e-09	6.69e-08	FEN1
ATHRAQUINONES A	1	False	5.65e-09	6.69e-08	FEN1
DEPHOSTATIN	1	False	5.65e-09	6.69e-08	FEN1
4-CHLOROMERCURIBENZOIC ACID	1	False	5.65e-09	6.69e-08	FEN1
CHEMBL:CHEMBL1453126	1	False	5.65e-09	6.69e-08	FEN1
CHEMBL:CHEMBL494668	1	False	5.65e-09	6.69e-08	FEN1
CHEMBL:CHEMBL585591	1	False	5.65e-09	6.69e-08	FEN1
SR8185	1	False	5.65e-09	6.69e-08	FEN1
CLOSANTEL	1	False	5.65e-09	6.69e-08	FEN1
CHEMBL:CHEMBL1451216	1	False	5.65e-09	6.69e-08	FEN1
LUTEOLIN	1	False	5.65e-09	6.69e-08	FEN1
RHEIN	1	False	5.65e-09	6.69e-08	FEN1
CHEMBL:CHEMBL592124	1	False	5.65e-09	6.69e-08	FEN1
ISOKAEMPFERIDE	1	False	5.65e-09	6.69e-08	FEN1
CHEMBL:CHEMBL585502	1	False	5.65e-09	6.69e-08	FEN1
CHEMBL:CHEMBL547833	1	False	5.65e-09	6.69e-08	FEN1
CHEMBL:CHEMBL585240	1	False	5.65e-09	6.69e-08	FEN1
AMARANTH	1	False	5.65e-09	6.69e-08	FEN1
GOSSYPOL	1	False	5.65e-09	6.69e-08	FEN1
CHEMBL:CHEMBL1622802	1	False	5.65e-09	6.69e-08	FEN1
CHEMBL:CHEMBL589924	1	False	5.65e-09	6.69e-08	FEN1
METHYLDOPA (RACEMIC)	1	False	5.65e-09	6.69e-08	FEN1
CATECHOL	1	False	5.65e-09	6.69e-08	FEN1
CHEMBL:CHEMBL124006	1	False	5.65e-09	6.69e-08	FEN1
DAPHNETIN	1	False	5.65e-09	6.69e-08	FEN1
APOMORPHINE HYDROCHLORIDE HEMIHYDRATE	1	False	5.65e-09	6.69e-08	FEN1
ISOTHYMONIN	1	False	5.65e-09	6.69e-08	FEN1
TRANSPLATIN	1	False	5.65e-09	6.69e-08	FEN1
DECYNIUM 22	1	False	5.65e-09	6.69e-08	FEN1
CALMIDAZOLIUM CHLORIDE	1	False	5.65e-09	6.69e-08	FEN1
SLAZINIC ACID	1	False	5.65e-09	6.69e-08	FEN1
CHARTREUSIN	1	False	5.65e-09	6.69e-08	FEN1
SB-415286	1	False	5.65e-09	6.69e-08	FEN1
CHEMBL:CHEMBL1481974	1	False	5.65e-09	6.69e-08	FEN1
EUFLAVINE	1	False	5.65e-09	6.69e-08	FEN1
CHEMBL:CHEMBL521171	1	False	5.65e-09	6.69e-08	FEN1
CHEMBL:CHEMBL596633	1	False	5.65e-09	6.69e-08	FEN1
ELLIPTECINE	1	False	5.65e-09	6.69e-08	FEN1
HOMIDIUM BROMIDE	1	False	5.65e-09	6.69e-08	FEN1
PURPUROGALLIN	1	False	5.65e-09	6.69e-08	FEN1
CHEMBL:CHEMBL533082	1	False	5.65e-09	6.69e-08	FEN1
COUMESTROL	1	False	5.65e-09	6.69e-08	FEN1
CHEMBL:CHEMBL19954	1	False	5.65e-09	6.69e-08	FEN1
CHEMBL:CHEMBL585622	1	False	5.65e-09	6.69e-08	FEN1
CHEMBL:CHEMBL95704	1	False	5.65e-09	6.69e-08	FEN1
PYRONIN Y	1	False	5.65e-09	6.69e-08	FEN1
OXIDOPAMINE HYDROCHLORIDE	1	False	5.65e-09	6.69e-08	FEN1
CHEMBL:CHEMBL67535	1	False	5.65e-09	6.69e-08	FEN1
CHEMBL:CHEMBL578741	1	False	5.65e-09	6.69e-08	FEN1
CHEMBL:CHEMBL533954	1	False	5.65e-09	6.69e-08	FEN1
CHEMBL:CHEMBL532504	1	False	5.65e-09	6.69e-08	FEN1
CHEMBL:CHEMBL579742	1	False	5.65e-09	6.69e-08	FEN1
CHEMBL:CHEMBL601364	1	False	5.65e-09	6.69e-08	FEN1
BENSERAZIDE HYDROCHLORIDE	1	False	5.65e-09	6.69e-08	FEN1
HYCANTHONE	1	False	5.65e-09	6.69e-08	FEN1
CHEMBL:CHEMBL477936	1	False	5.65e-09	6.69e-08	FEN1
PINAFIDE	1	False	5.65e-09	6.69e-08	FEN1
CHEMBL:CHEMBL1092508	1	False	5.65e-09	6.69e-08	FEN1
OXOGLAUCINE	1	False	5.65e-09	6.69e-08	FEN1
CHEMBL:CHEMBL483206	1	False	5.65e-09	6.69e-08	FEN1
CHEMBL:CHEMBL234338	1	False	5.65e-09	6.69e-08	FEN1
CHEMBL:CHEMBL463783	1	False	5.65e-09	6.69e-08	FEN1
PICEATANNOL	1	False	5.65e-09	6.69e-08	FEN1
CHEMBL:CHEMBL486706	1	False	5.65e-09	6.69e-08	FEN1
PROTOPORPHYRIN DISODIUM	1	False	5.65e-09	6.69e-08	FEN1
ELLAGIC ACID	1	False	5.65e-09	6.69e-08	FEN1
CHEMBL:CHEMBL151146	1	False	5.65e-09	6.69e-08	FEN1
CHEMBL:CHEMBL478754	1	False	5.65e-09	6.69e-08	FEN1
CHEMBL:CHEMBL1255944	1	False	5.65e-09	6.69e-08	FEN1
CHEMBL:CHEMBL1601846	1	False	5.65e-09	6.69e-08	FEN1
SENNOSIDE B	1	False	5.65e-09	6.69e-08	FEN1
CHEMBL:CHEMBL581251	1	False	5.65e-09	6.69e-08	FEN1
3-O-METHYLQUERCETIN	1	False	5.65e-09	6.69e-08	FEN1
EMODIN	1	False	5.65e-09	6.69e-08	FEN1
PURPURIN	1	False	5.65e-09	6.69e-08	FEN1
CHEMBL:CHEMBL516616	1	False	5.65e-09	6.69e-08	FEN1
MRT67307	1	False	5.65e-09	6.69e-08	FEN1
CEFSULODIN SODIUM	1	False	5.65e-09	6.69e-08	FEN1
FRAXETIN	1	False	5.65e-09	6.69e-08	FEN1
OXOPURPUREINE	1	False	5.65e-09	6.69e-08	FEN1
CHEMBL:CHEMBL522983	1	False	5.65e-09	6.69e-08	FEN1
THUNBERGINOL B	1	False	5.65e-09	6.69e-08	FEN1
CCG-63802	1	False	5.65e-09	6.69e-08	FEN1
GSK8612	1	False	5.65e-09	6.69e-08	FEN1
COMPOUND II [PMID: 21329883]	1	False	5.65e-09	6.69e-08	FEN1
BAY-985	1	False	5.65e-09	6.69e-08	FEN1
AKT INHIBITOR IV	1	False	5.65e-09	6.69e-08	FEN1
CLINAFLOXACIN	1	False	5.65e-09	6.69e-08	FEN1
GW305074X	1	False	5.65e-09	6.69e-08	FEN1
COMPOUND 17D [PMID: 23099093]	1	False	5.65e-09	6.69e-08	FEN1
CHEMBL:CHEMBL515252	1	False	5.65e-09	6.69e-08	FEN1
CHEMBL:CHEMBL602127	1	False	5.65e-09	6.69e-08	FEN1
PENTABROMOPHENOL	1	False	5.65e-09	6.69e-08	FEN1
CHEMBL:CHEMBL576781	1	False	5.65e-09	6.69e-08	FEN1
AURINTRICARBOXYLIC ACID	1	False	5.65e-09	6.69e-08	FEN1
PHENYLSTIBONIC ACID	1	False	5.65e-09	6.69e-08	FEN1
PROTOPORPHYRIN	1	False	5.65e-09	6.69e-08	FEN1
PAMOIC ACID	1	False	5.65e-09	6.69e-08	FEN1
QUINACRINE	1	False	5.65e-09	6.69e-08	FEN1
LAVENDUSTIN C	1	False	5.65e-09	6.69e-08	FEN1
JP1302	1	False	5.65e-09	6.69e-08	FEN1
HOMIDIUM	1	False	5.65e-09	6.69e-08	FEN1
CHEMBL:CHEMBL68534	1	False	5.65e-09	6.69e-08	FEN1
SANGUINARIUM CHLORIDE	1	False	5.65e-09	6.69e-08	FEN1
CHEMBL:CHEMBL461193	1	False	5.65e-09	6.69e-08	FEN1
ML 10302	1	False	5.65e-09	6.69e-08	FEN1
CHEMBL:CHEMBL22062	1	False	5.65e-09	6.69e-08	FEN1
CHEMBL:CHEMBL525103	1	False	5.65e-09	6.69e-08	FEN1
CHEMBL:CHEMBL338115	1	False	5.65e-09	6.69e-08	FEN1
CHEMBL:CHEMBL584458	1	False	5.65e-09	6.69e-08	FEN1
EUPAFOLIN	1	False	5.65e-09	6.69e-08	FEN1
DITHIAZANINE	1	False	5.65e-09	6.69e-08	FEN1
HISPIDIN	1	False	5.65e-09	6.69e-08	FEN1
CEPHALOCHROMIN	1	False	5.65e-09	6.69e-08	FEN1
TYRPHOSTIN 23	1	False	5.65e-09	6.69e-08	FEN1
METHYLTHIONINIUM CHLORIDE	1	False	5.65e-09	6.69e-08	FEN1
MPI-0485520	1	False	5.65e-09	6.69e-08	FEN1
CHEMBL:CHEMBL493863	1	False	5.65e-09	6.69e-08	FEN1
TETRAIDOFLUORESCEIN	1	False	5.65e-09	6.69e-08	FEN1
CHEMBL:CHEMBL1576310	1	False	5.65e-09	6.69e-08	FEN1
FAGARONINE	1	False	5.65e-09	6.69e-08	FEN1
ERBSTATIN	1	False	5.65e-09	6.69e-08	FEN1
CHEMBL:CHEMBL578719	1	False	5.65e-09	6.69e-08	FEN1
CETYLPYRIDINIUM BROMIDE	1	False	5.65e-09	6.69e-08	FEN1
STREPTONIGRIN	1	False	5.65e-09	6.69e-08	FEN1
TYRPHOSTIN B48	1	False	5.65e-09	6.69e-08	FEN1
CDK9 INHIBITOR PRT2527	1	False	4.41e-08	6.75e-08	PBRM1
CTLA-4-TARGETING AGENT	1	False	4.41e-08	6.75e-08	PBRM1
FAVIPIRAVIR	1	False	4.41e-08	6.75e-08	PBRM1
MYELOID CELL LEUKEMIA 1 INHIBITOR PRT1419	1	False	4.41e-08	6.75e-08	PBRM1
ANTI-PD-L1 MONOCLONAL ANTIBODY	1	False	4.41e-08	6.75e-08	PBRM1
APITOLISIB	1	False	4.41e-08	6.75e-08	PBRM1
GSK126	1	False	4.41e-08	6.75e-08	PBRM1
NVP-TAE684	2	False	3.60e-08	1.35e-07	MST1R,NEK4
PHA-767491	1	False	3.60e-08	1.35e-07	NEK4
GW441756X	1	False	3.60e-08	1.35e-07	NEK4
SP-600125	2	False	3.60e-08	1.35e-07	FES,NEK4
TAMATINIB	1	False	3.60e-08	1.35e-07	NEK4
SNS-314	1	False	3.60e-08	1.35e-07	NEK4
BAY 61-3606	1	False	3.60e-08	1.35e-07	NEK4
CYC-116	1	False	3.60e-08	1.35e-07	NEK4
ANTIDEPRESSANT AGENT	1	False	1.04e-06	1.45e-07	METTL21A
EMD-1201081	1	False	2.02e-07	2.17e-07	TLR9
DEMETHOXYCURCUMIN	1	False	2.02e-07	2.17e-07	TLR9
TLR-DIRECTED CATIONIC LIPID-DNA COMPLEX JVRS-100	1	False	2.02e-07	2.17e-07	TLR9
CHEMBL:CHEMBL429095	1	False	2.02e-07	2.17e-07	TLR9
LEFITOLIMOD	1	False	2.02e-07	2.17e-07	TLR9
TLR AGONIST CADI-05	1	False	2.02e-07	2.17e-07	TLR9
IMO-2055	1	False	2.02e-07	2.17e-07	TLR9
GNKG-168	1	False	2.02e-07	2.17e-07	TLR9
TILSOTOLIMOD	1	False	2.02e-07	2.17e-07	TLR9
COBITOLIMOD	1	False	2.02e-07	2.17e-07	TLR9
MICROPARTICLE MDP/BACTERIAL DNA-CONTAINING MIS416	1	False	2.02e-07	2.17e-07	TLR9
CAVROTOLIMOD	1	False	2.02e-07	2.17e-07	TLR9
COBITOLIMOD SODIUM	1	False	2.02e-07	2.17e-07	TLR9
CHEMBL:CHEMBL1520346	1	False	2.02e-07	2.17e-07	TLR9
CPG OLIGODEOXYNUCLEOTIDE TLR9 AGONIST DV281	1	False	2.02e-07	2.17e-07	TLR9
TLR9 AGONIST SD-101	1	False	2.02e-07	2.17e-07	TLR9
TILSOTOLIMOD SODIUM	1	False	2.02e-07	2.17e-07	TLR9
1018 ISS	1	False	2.02e-07	2.17e-07	TLR9
CPG 10101	1	False	2.02e-07	2.17e-07	TLR9
VIDUTOLIMOD	1	False	2.02e-07	2.17e-07	TLR9
BAZLITORAN	1	False	2.02e-07	2.17e-07	TLR9
LITENIMOD	1	False	2.02e-07	2.17e-07	TLR9
ISS-1018	1	False	2.02e-07	2.17e-07	TLR9
TETRADECANOYLPHORBOL ACETATE	1	False	3.63e-07	2.35e-07	VAMP2
CCT244747	1	False	1.14e-06	5.65e-07	EFNA5
TOSEDOSTAT	1	False	2.24e-06	6.32e-07	METAP1D
CHEMBL:CHEMBL379975	1	False	1.38e-06	1.28e-06	MST1R
BMS-754807	1	False	1.38e-06	1.28e-06	MST1R
BARASERTIB-HQPA	1	False	1.38e-06	1.28e-06	MST1R
NARNATUMAB	1	False	1.38e-06	1.28e-06	MST1R
TOZASERTIB	1	False	1.38e-06	1.28e-06	MST1R
ALSTERPAULLONE	1	False	1.38e-06	1.28e-06	MST1R
SOTRASTAURIN	1	False	1.38e-06	1.28e-06	MST1R
MK-8033	1	False	1.38e-06	1.28e-06	MST1R
PD-0166285	1	False	1.38e-06	1.28e-06	MST1R
CHEMBL:CHEMBL1997335	1	False	1.38e-06	1.28e-06	MST1R
PF-562271	1	False	1.38e-06	1.28e-06	MST1R
JNJ-7706621	1	False	1.38e-06	1.28e-06	MST1R
HESPERADIN	1	False	1.76e-06	1.69e-06	FES
[125I]GDNF (RAT)	1	False	8.29e-10	3.60e-06	DLST
RUTHENIUM RED	1	False	1.04e-06	4.31e-06	DAGLA
MG2+	1	False	1.04e-06	4.31e-06	DAGLA
RYANODINE	1	False	1.04e-06	4.31e-06	DAGLA
