pmid,title,year,journal,pmc_id
20071148,Higher cortisol levels are associated with smaller left hippocampal volume in first-episode psychosis.,2010,Schizophrenia research,PMC3513409
20141298,Dispositional mindfulness and depressive symptomatology: correlations with limbic and self-referential neural activity during rest.,2010,"Emotion (Washington, D.C.)",PMC2868367
20149549,Mifepristone decreases depression-like behavior and modulates neuroendocrine and central hypothalamic-pituitary-adrenocortical axis responsiveness to stress.,2010,Psychoneuroendocrinology,PMC3934351
20159144,Abnormal left and right amygdala-orbitofrontal cortical functional connectivity to emotional faces: state versus trait vulnerability markers of depression in bipolar disorder.,2010,Biological psychiatry,PMC2835157
20215939,Altered white matter microstructure in adolescents with major depression: a preliminary study,2010,Journal of the American Academy of Child and Adolescent Psychiatry,PMC2909686
20376317,Altered gene synchrony suggests a combined hormone-mediated dysregulated state in major depression,2010,PloS one,PMC2848620
20598672,Insomnia severity is associated with a decreased volume of the CA3/dentate gyrus hippocampal subfield.,2010,Biological psychiatry,PMC2921477
20686454,Peripheral BDNF produces antidepressant-like effects in cellular and behavioral models.,2010,Neuropsychopharmacology : official publication of the American College of Neuropsychopharmacology,PMC2955759
20738409,Anxiety-related behavioral inhibition in rats: a model to examine mechanisms underlying the risk to develop stress-related psychopathology.,2010,"Genes, brain, and behavior",PMC2975876
20808107,Change in hippocampal volume on magnetic resonance imaging and cognitive decline among older depressed and nondepressed subjects in the neurocognitive outcomes of depression in the elderly study.,2011,The American journal of geriatric psychiatry : official journal of the American Association for Geriatric Psychiatry,PMC3010251
21041614,Relationship between amygdala responses to masked faces and mood state and treatment in major depressive disorder.,2010,Archives of general psychiatry,PMC3253452
21048519,Subgenual cingulate connectivity in children with a history of preschool-depression.,2010,Neuroreport,PMC3008372
21051206,Structural equation modeling and principal component analysis of gray matter volumes in major depressive and bipolar disorders: differences in latent volumetric structure.,2010,Psychiatry research,PMC3001135
21073959,Prefrontal cortical abnormalities in currently depressed versus currently remitted patients with major depressive disorder.,2011,NeuroImage,PMC3020249
21218562,Hippocampal volumes and the brain-derived neurotrophic factor val66met polymorphism in geriatric major depression.,2011,The American journal of geriatric psychiatry : official journal of the American Association for Geriatric Psychiatry,PMC3058412
21242818,Hippocampal volume in postmenopausal cynomolgus macaques with behavioral depression.,2011,"Menopause (New York, N.Y.)",PMC3123431
21262054,Subgenual anterior cingulate responses to peer rejection: a marker of adolescents' risk for depression.,2011,Development and psychopathology,PMC3229829
21276593,Childhood trauma history differentiates amygdala response to sad faces within MDD.,2011,Journal of psychiatric research,PMC3090525
21545724,Serotonin transporter gene polymorphisms and brain function during emotional distraction from cognitive processing in posttraumatic stress disorder.,2011,BMC psychiatry,PMC3112079
21764567,Serotonin transporter genotype modulates the association between depressive symptoms and amygdala activity among psychiatrically healthy adults.,2011,Psychiatry research,PMC3156965
21787793,Impact of chronic hypercortisolemia on affective processing.,2012,Neuropharmacology,PMC3196277
21855859,Reduced amygdala serotonin transporter binding in posttraumatic stress disorder.,2011,Biological psychiatry,PMC3207037
21893657,The effect of early trauma exposure on serotonin type 1B receptor expression revealed by reduced selective radioligand binding.,2011,Archives of general psychiatry,PMC3244836
21912658,Fluoxetine during development reverses the effects of prenatal stress on depressive-like behavior and hippocampal neurogenesis in adolescence.,2011,PloS one,PMC3164681
21969419,Anterior cingulate cortex γ-aminobutyric acid in depressed adolescents: relationship to anhedonia.,2012,Archives of general psychiatry,PMC3711232
22099606,Abnormal anterior cingulate cortical activity during emotional n-back task performance distinguishes bipolar from unipolar depressed females.,2012,Psychological medicine,PMC3601380
22264442,Adenylate cyclase 7 is implicated in the biology of depression and modulation of affective neural circuitry.,2012,Biological psychiatry,PMC3307939
22265870,Preliminary evidence for obesity and elevations in fasting insulin mediating associations between cortisol awakening response and hippocampal volumes and frontal atrophy.,2012,Psychoneuroendocrinology,PMC3337891
22267183,Brain activity in adolescent major depressive disorder before and after fluoxetine treatment.,2012,The American journal of psychiatry,PMC4225078
22403745,Effects of arterial cannulation stress on regional cerebral blood flow in major depressive disorder.,2012,Scientific reports,PMC3297085
22407082,Mineralocorticoid receptor Iso/Val (rs5522) genotype moderates the association between previous childhood emotional neglect and amygdala reactivity.,2012,The American journal of psychiatry,PMC4700829
22420592,Amygdala activity and prefrontal cortex-amygdala effective connectivity to emerging emotional faces distinguish remitted and depressed mood states in bipolar disorder.,2012,Bipolar disorders,PMC3703524
22498078,Smaller hippocampal volumes in patients with bipolar disorder are masked by exposure to lithium: a meta-analysis.,2012,Journal of psychiatry & neuroscience : JPN,PMC3447132
22519864,Default mode network connectivity in children with a history of preschool onset depression.,2012,"Journal of child psychology and psychiatry, and allied disciplines",PMC3437619
22548411,"Depression, hippocampal volume changes, and cognitive decline in a clinical sample of older depressed outpatients and non-depressed controls.",2012,Aging & mental health,PMC3430833
22569152,Pubertal stage and brain anatomy in girls.,2012,Neuroscience,PMC4584426
22571805,Heterogeneity of amygdala response in major depressive disorder: the impact of lifetime subthreshold mania.,2013,Psychological medicine,PMC3773940
22658708,Efficacy of transcranial magnetic stimulation targets for depression is related to intrinsic functional connectivity with the subgenual cingulate.,2012,Biological psychiatry,PMC4120275
22832815,Post-traumatic anxiety associates with failure of the innate immune receptor TLR9 to evade the pro-inflammatory NFκB pathway.,2012,Translational psychiatry,PMC3309554
22832853,Reduced expression of glucocorticoid-inducible genes GILZ and SGK-1: high IL-6 levels are associated with reduced hippocampal volumes in major depressive disorder.,2012,Translational psychiatry,PMC3309536
22889863,Reduced phosphorylation of the mTOR signaling pathway components in the amygdala of rats exposed to chronic stress.,2013,Progress in neuro-psychopharmacology & biological psychiatry,PMC3519947
22900032,Long-lasting hippocampal synaptic protein loss in a mouse model of posttraumatic stress disorder.,2012,PloS one,PMC3416820
22939462,"α Power, α asymmetry and anterior cingulate cortex activity in depressed males and females.",2012,Journal of psychiatric research,PMC3463760
23055092,Structural-functional correlations between hippocampal volume and cortico-limbic emotional responses in depressed children.,2013,"Cognitive, affective & behavioral neuroscience",PMC3557609
23056309,The extended functional neuroanatomy of emotional processing biases for masked faces in major depressive disorder.,2012,PloS one,PMC3466291
23056477,Early altered resting-state functional connectivity predicts the severity of post-traumatic stress disorder symptoms in acutely traumatized subjects.,2012,PloS one,PMC3462752
23143517,Developmental pathways to amygdala-prefrontal function and internalizing symptoms in adolescence,2012,Nature neuroscience,PMC3509229
23184639,Aberrant amygdala-frontal cortex connectivity during perception of fearful faces and at rest in generalized social anxiety disorder.,2013,Depression and anxiety,PMC3987867
23201176,Single prolonged stress enhances hippocampal glucocorticoid receptor and phosphorylated protein kinase B levels.,2013,Neuroscience research,PMC3604057
23201228,Hippocampal volume and total cell numbers in major depressive disorder.,2013,Journal of psychiatric research,PMC3757567
23298715,Shifted inferior frontal laterality in women with major depressive disorder is related to emotion-processing deficits.,2013,Psychological medicine,PMC4380502
23325372,Adjunctive aripiprazole therapy with escitalopram in patients with co-morbid major depressive disorder and alcohol dependence: clinical and neuroimaging evidence.,2013,"Journal of psychopharmacology (Oxford, England)",PMC4651436
23453674,"A randomized, placebo-controlled proof-of-concept, crossover trial of phenytoin for hydrocortisone-induced declarative memory changes.",2013,Journal of affective disorders,PMC3689865
23565195,Social agonistic distress in male and female mice: changes of behavior and brain monoamine functioning in relation to acute and chronic challenges.,2013,PloS one,PMC3614949
23592753,"Impact of sleep quality on amygdala reactivity, negative affect, and perceived stress.",2013,Psychosomatic medicine,PMC3747835
23636842,"Disrupted ventromedial prefrontal function, alcohol craving, and subsequent relapse risk.",2013,JAMA psychiatry,PMC3788824
23776553,Voxel-based morphometry in women with borderline personality disorder with and without comorbid posttraumatic stress disorder.,2013,PloS one,PMC3680473
23861191,Insula and anterior cingulate GABA levels in posttraumatic stress disorder: preliminary findings using magnetic resonance spectroscopy.,2014,Depression and anxiety,PMC3894264
23891965,HPA-axis hormone modulation of stress response circuitry activity in women with remitted major depression.,2013,Neuroscience,PMC3772711
23930595,Fronto-limbic-striatal dysfunction in pediatric and adult patients with bipolar disorder: impact of face emotion and attentional demands.,2014,Psychological medicine,PMC3922892
24040385,Abnormal functional connectivity of amygdala in late-onset depression was associated with cognitive deficits.,2013,PloS one,PMC3769296
24144505,Resting state functional connectivity and treatment response in late-life depression.,2013,Psychiatry research,PMC3865521
24285346,Parsing dimensional vs diagnostic category-related patterns of reward circuitry function in behaviorally and emotionally dysregulated youth in the Longitudinal Assessment of Manic Symptoms study.,2014,JAMA psychiatry,PMC4238412
24367606,Mesiotemporal volume loss associated with disorder severity: a VBM study in borderline personality disorder.,2013,PloS one,PMC3867453
24397999,Girls' challenging social experiences in early adolescence predict neural response to rewards and depressive symptoms.,2014,Developmental cognitive neuroscience,PMC3960334
24465557,Association between glucocorticoid receptor methylation and hippocampal subfields in major depressive disorder.,2014,PloS one,PMC3897456
24551226,Predator exposure/psychosocial stress animal model of post-traumatic stress disorder modulates neurotransmitters in the rat hippocampus and prefrontal cortex.,2014,PloS one,PMC3925189
24645731,Cortical thickness in youth with major depressive disorder,2014,BMC psychiatry,PMC3994552
24661157,Neural substrates of trait ruminations in depression.,2014,Journal of abnormal psychology,PMC4128503
24675061,Glutamate and GABA imbalance promotes neuronal apoptosis in hippocampus after stress.,2014,Medical science monitor : international medical journal of experimental and clinical research,PMC3976216
24713859,"Regional increases of cortical thickness in untreated, first-episode major depressive disorder.",2014,Translational psychiatry,PMC4012282
24740310,Diffusion kurtosis imaging and high-resolution MRI demonstrate structural aberrations of caudate putamen and amygdala after chronic mild stress.,2014,PloS one,PMC3989315
24745028,"Volumetric analysis of amygdala, hippocampus, and prefrontal cortex in therapy-naive PTSD participants",2014,BioMed research international,PMC3972941
24796287,Pattern separation of emotional information in hippocampal dentate and CA3.,2014,Hippocampus,PMC4172604
24804219,Dissociable self effects for emotion regulation: a study of Chinese major depressive outpatients.,2014,BioMed research international,PMC3996314
24831808,The different roles of glucocorticoids in the hippocampus and hypothalamus in chronic stress-induced HPA axis hyperactivity.,2014,PloS one,PMC4022669
24993057,Behavioral problems after early life stress: contributions of the hippocampus and amygdala.,2015,Biological psychiatry,PMC4241384
25000505,Structural impairments of hippocampus in coal mine gas explosion-related posttraumatic stress disorder.,2014,PloS one,PMC4085015
25051163,Insular and hippocampal gray matter volume reductions in patients with major depressive disorder,2014,PloS one,PMC4106847
25224537,Inflammation early in life is a vulnerability factor for emotional behavior at adolescence and for lipopolysaccharide-induced spatial memory and neurogenesis alteration at adulthood.,2014,Journal of neuroinflammation,PMC4172903
25266915,Peripheral antioxidant markers are associated with total hippocampal and CA3/dentate gyrus volume in MDD and healthy controls-preliminary findings.,2014,Psychiatry research,PMC4254356
25338068,Hippocampal and left subcallosal anterior cingulate atrophy in psychotic depression,2014,PloS one,PMC4206433
25379418,Links between white matter microstructure and cortisol reactivity to stress in early childhood: evidence for moderation by parenting.,2014,NeuroImage. Clinical,PMC4215465
25422962,Brain-behavior relationships in the experience and regulation of negative emotion in healthy children: implications for risk for childhood depression.,2014,Development and psychopathology,PMC4624303
25486577,Neuroprotective kynurenine metabolite indices are abnormally reduced and positively associated with hippocampal and amygdalar volume in bipolar disorder.,2015,Psychoneuroendocrinology,PMC4297593
25583614,"HPA axis genetic variation, pubertal status, and sex interact to predict amygdala and hippocampus responses to negative emotional faces in school-age children.",2015,NeuroImage,PMC4340765
25609596,GPR39 (zinc receptor) knockout mice exhibit depression-like behavior and CREB/BDNF down-regulation in the hippocampus.,2014,The international journal of neuropsychopharmacology,PMC4360246
25629589,"Role of translocator protein density, a marker of neuroinflammation, in the brain during major depressive episodes.",2015,JAMA psychiatry,PMC4836849
25635920,Neural Aspects of Inhibition Following Emotional Primes in Depressed Adolescents.,2016,"Journal of clinical child and adolescent psychology : the official journal for the Society of Clinical Child and Adolescent Psychology, American Psychological Association, Division 53",PMC4520793
25675343,Affective neural responses modulated by serotonin transporter genotype in clinical anxiety and depression.,2015,PloS one,PMC4344476
25685707,Adolescents with current major depressive disorder show dissimilar patterns of age-related differences in ACC and thalamus.,2015,NeuroImage. Clinical,PMC4309951
25692480,Amygdala-hippocampal volume and the phenotypic heterogeneity of posttraumatic stress disorder: a cross-sectional study,2015,JAMA psychiatry,PMC5134909
25829180,"A Prospective, Longitudinal Study of the Effect of Remission on Cortical Thickness and Hippocampal Volume in Patients with Treatment-Resistant Depression.",2015,The international journal of neuropsychopharmacology,PMC4571636
25842202,Structural Plasticity of the Hippocampus and Amygdala Induced by Electroconvulsive Therapy in Major Depression.,2016,Biological psychiatry,PMC4561035
25894440,"Attention bias modification for major depressive disorder: Effects on attention bias, resting state connectivity, and symptom change.",2015,Journal of abnormal psychology,PMC4573770
25898329,Perceived life stress exposure modulates reward-related medial prefrontal cortex responses to acute stress in depression.,2015,Journal of affective disorders,PMC4451940
26106565,Functional and structural brain correlates of risk for major depression in children with familial depression.,2015,NeuroImage. Clinical,PMC4474282
26110110,Hippocampal volume correlates with attenuated negative psychotic symptoms irrespective of antidepressant medication.,2015,NeuroImage. Clinical,PMC4473852
26122586,Subcortical brain alterations in major depressive disorder: findings from the ENIGMA Major Depressive Disorder working group.,2016,Molecular psychiatry,PMC4879183
26147571,Altered Resting-State Brain Activity and Connectivity in Depressed Parkinson's Disease.,2015,PloS one,PMC4492789
26315399,Cortical thickness predicts the first onset of major depression in adolescence.,2015,International journal of developmental neuroscience : the official journal of the International Society for Developmental Neuroscience,PMC4604750
26318631,Prenatal stress programs neuroendocrine stress responses and affective behaviors in second generation rats in a sex-dependent manner.,2015,Psychoneuroendocrinology,PMC4642655
26362775,Hippocampal PPARδ Overexpression or Activation Represses Stress-Induced Depressive Behaviors and Enhances Neurogenesis.,2015,The international journal of neuropsychopharmacology,PMC4772271
26376217,"Sex differences in cell genesis, hippocampal volume and behavioral outcomes in a rat model of neonatal HI.",2016,Experimental neurology,PMC4688089
26477647,Amygdala responses to salient social cues vary with oxytocin receptor genotype in youth.,2015,Neuropsychologia,PMC4679629
26522869,Amygdala response predicts trajectory of symptom reduction during Trauma-Focused Cognitive-Behavioral Therapy among adolescent girls with PTSD.,2015,Journal of psychiatric research,PMC4826076
26621569,Medial Prefrontal Aberrations in Major Depressive Disorder Revealed by Cytoarchitectonically Informed Voxel-Based Morphometry,2016,The American journal of psychiatry,PMC5441234
26645631,"Fluoxetine effects on molecular, cellular and behavioral endophenotypes of depression are driven by the living environment.",2017,Molecular psychiatry,PMC5378807
26742791,Density of GFAP-immunoreactive astrocytes is decreased in left hippocampi in major depressive disorder.,2016,Neuroscience,PMC4836620
26809249,"Hippocampal Neuroinflammation, Functional Connectivity, and Depressive Symptoms in Multiple Sclerosis.",2016,Biological psychiatry,PMC4918731
26821211,Sustained glucocorticoid exposure recruits cortico-limbic CRH signaling to modulate endocannabinoid function.,2016,Psychoneuroendocrinology,PMC4788523
26863301,Disrupted Structural and Functional Connectivity in Prefrontal-Hippocampus Circuitry in First-Episode Medication-Naïve Adolescent Depression.,2016,PloS one,PMC4749380
26888619,Differential Resting State Connectivity Patterns and Impaired Semantically Cued List Learning Test Performance in Early Course Remitted Major Depressive Disorder.,2016,Journal of the International Neuropsychological Society : JINS,PMC4844801
27035063,Amygdala volume is reduced in early course schizophrenia.,2016,Psychiatry research. Neuroimaging,PMC4904038
27091600,Kynurenine pathway metabolites are associated with hippocampal activity during autobiographical memory recall in patients with depression.,2016,"Brain, behavior, and immunity",PMC4917447
27144832,Perceived Stress Is Differentially Related to Hippocampal Subfield Volumes among Older Adults.,2016,PloS one,PMC4856349
27192082,Task and Resting-State fMRI Reveal Altered Salience Responses to Positive Stimuli in Patients with Major Depressive Disorder.,2016,PloS one,PMC4871416
27271858,"Electroconvulsive therapy and structural neuroplasticity in neocortical, limbic and paralimbic cortex.",2016,Translational psychiatry,PMC4931600
27288958,Relationship of recent stress to amygdala volume in depressed and healthy adults.,2016,Journal of affective disorders,PMC8903078
27291341,Brain mechanisms of anxiety's effects on cognitive control in major depressive disorder.,2016,Psychological medicine,PMC4946974
27317876,Cingulate and thalamic metabolites in obsessive-compulsive disorder,2016,Psychiatry research. Neuroimaging,PMC5780184
27362845,Preliminary differences in resting state MEG functional connectivity pre- and post-ketamine in major depressive disorder.,2016,Psychiatry research. Neuroimaging,PMC4992587
27366831,Amygdala response to explicit sad face stimuli at baseline predicts antidepressant treatment response to scopolamine in major depressive disorder.,2016,Psychiatry research. Neuroimaging,PMC6711385
27459031,Decreased anticipated pleasure correlates with increased salience network resting state functional connectivity in adolescents with depressive symptomatology,2016,Journal of psychiatric research,PMC5036507
27459724,Impaired fornix-hippocampus integrity is linked to peripheral glutathione peroxidase in early psychosis.,2016,Translational psychiatry,PMC5545707
27591712,"Amygdala habituation to emotional faces in adolescents with internalizing disorders, adolescents with childhood sexual abuse related PTSD and healthy adolescents.",2016,Developmental cognitive neuroscience,PMC6987649
27685801,"Prefrontal cortex, temporal cortex, and hippocampus volume are affected in suicidal psychiatric patients.",2016,Psychiatry research. Neuroimaging,PMC9694115
27701413,Neuropsin Inactivation Has Protective Effects against Depressive-Like Behaviours and Memory Impairment Induced by Chronic Stress.,2016,PLoS genetics,PMC5049781
27774683,Stress as a mnemonic filter: Interactions between medial temporal lobe encoding processes and post-encoding stress.,2017,Hippocampus,PMC5436703
27779623,"Emergence of social behavior deficit, blunted corticolimbic activity and adult depression-like behavior in a rodent model of maternal maltreatment.",2016,Translational psychiatry,PMC5290349
27801896,Alterations in amygdala-prefrontal circuits in infants exposed to prenatal maternal depression.,2016,Translational psychiatry,PMC5314110
27844058,Western High-Fat Diet Consumption during Adolescence Increases Susceptibility to Traumatic Stress while Selectively Disrupting Hippocampal and Ventricular Volumes.,2016,eNeuro,PMC5099604
27844456,Cortical plasticity between the pain and pain-free phases in patients with episodic tension-type headache.,2016,The journal of headache and pain,PMC5108736
27872489,Experience-Driven Differences in Childhood Cortisol Predict Affect-Relevant Brain Function and Coping in Adolescent Monozygotic Twins.,2016,Scientific reports,PMC5181835
27918273,Neural circuits via which single prolonged stress exposure leads to fear extinction retention deficits.,2016,"Learning & memory (Cold Spring Harbor, N.Y.)",PMC5110987
28030612,Distinct and Shared Endophenotypes of Neural Substrates in Bipolar and Major Depressive Disorders.,2016,PloS one,PMC5193412
28030757,Altered resting state functional connectivity of fear and reward circuitry in comorbid PTSD and major depression.,2017,Depression and anxiety,PMC5667358
28034960,Elevated DNA Oxidation and DNA Repair Enzyme Expression in Brain White Matter in Major Depressive Disorder.,2017,The international journal of neuropsychopharmacology,PMC5412018
28045980,Long-Term Effects of Acute Stress on the Prefrontal-Limbic System in the Healthy Adult.,2017,PloS one,PMC5207406
28070120,"The protocadherin 17 gene affects cognition, personality, amygdala structure and function, synapse development and risk of major mood disorders",2018,Molecular psychiatry,PMC5794872
28085210,Disruption of amygdala-entorhinal-hippocampal network in late-life depression.,2017,Hippocampus,PMC5858586
28100219,Increased amygdala reactivity following early life stress: a potential resilience enhancer role.,2017,BMC psychiatry,PMC5241989
28107446,Amygdala Atrophy and Its Functional Disconnection with the Cortico-Striatal-Pallidal-Thalamic Circuit in Major Depressive Disorder in Females.,2017,PloS one,PMC5249227
28115740,Hippocampal subfield volumes in mood disorders.,2017,Molecular psychiatry,PMC5524625
28212570,Altered amygdala and hippocampus effective connectivity in mild cognitive impairment patients with depression: a resting-state functional MR imaging study with granger causality analysis.,2017,Oncotarget,PMC5421906
28369737,Insula and amygdala resting-state functional connectivity differentiate bipolar from unipolar depression.,2017,Acta psychiatrica Scandinavica,PMC5464981
28407727,Randomized Clinical Trial of Real-Time fMRI Amygdala Neurofeedback for Major Depressive Disorder: Effects on Symptoms and Autobiographical Memory Recall.,2017,The American journal of psychiatry,PMC5538952
28452713,Decreased uncinate fasciculus tract integrity in male and female patients with PTSD: a diffusion tensor imaging study.,2017,Journal of psychiatry & neuroscience : JPN,PMC5573575
28462086,Predicting cognitive behavioral therapy response in social anxiety disorder with anterior cingulate cortex and amygdala during emotion regulation.,2017,NeuroImage. Clinical,PMC5403806
28476207,Real-Time Functional Magnetic Resonance Imaging Amygdala Neurofeedback Changes Positive Information Processing in Major Depressive Disorder.,2017,Biological psychiatry,PMC5610066
28550256,Cortical Thickness and Depressive Symptoms in Cognitively Normal Individuals: The Mayo Clinic Study of Aging.,2017,Journal of Alzheimer's disease : JAD,PMC5713905
28607927,Depression and Anxiety Scores Are Associated with Amygdala Volume in Cushing's Syndrome: Preliminary Study.,2017,BioMed research international,PMC5451775
28633076,Resting-state functional connectivity of anterior and posterior hippocampus in posttraumatic stress disorder.,2017,Journal of psychiatric research,PMC5605418
28643948,Investigating the separate and interactive associations of trauma and depression on brain structure: implications for cognition and aging.,2017,International journal of geriatric psychiatry,PMC5638677
28706188,Lack of Social Support Raises Stress Vulnerability in Rats with a History of Ancestral Stress.,2017,Scientific reports,PMC5509705
28802862,MicroRNA-21: Expression in oligodendrocytes and correlation with low myelin mRNAs in depression and alcoholism,2017,Progress in neuro-psychopharmacology & biological psychiatry,PMC5610939
28814751,Comparison of chronic physical and emotional social defeat stress effects on mesocorticolimbic circuit activation and voluntary consumption of morphine.,2017,Scientific reports,PMC5559445
28850111,Accelerated DNA methylation age in adolescent girls: associations with elevated diurnal cortisol and reduced hippocampal volume.,2017,Translational psychiatry,PMC5611751
28882830,Autobiographical memory: a candidate latent vulnerability mechanism for psychiatric disorder following childhood maltreatment.,2017,The British journal of psychiatry : the journal of mental science,PMC5623877
29054677,Expression of the PPM1F Gene Is Regulated by Stress and Associated With Anxiety and Depression.,2018,Biological psychiatry,PMC5743606
29063521,Blunted amygdala activity is associated with depression severity in treatment-resistant depression.,2017,"Cognitive, affective & behavioral neuroscience",PMC5728990
29110899,The Role of the Hippocampus in Predicting Future Posttraumatic Stress Disorder Symptoms in Recently Traumatized Civilians.,2018,Biological psychiatry,PMC5860925
29181816,Nicotine-induced activation of caudate and anterior cingulate cortex in response to errors in schizophrenia.,2018,Psychopharmacology,PMC5823729
29217296,Smaller Hippocampal Volume in Posttraumatic Stress Disorder: A Multisite ENIGMA-PGC Study: Subcortical Volumetry Results From Posttraumatic Stress Disorder Consortia.,2018,Biological psychiatry,PMC5951719
29230507,Evidence for regional hippocampal damage in patients with schizophrenia.,2018,Neuroradiology,PMC7030975
29246978,Stress leads to aberrant hippocampal involvement when processing schema-related information.,2018,"Learning & memory (Cold Spring Harbor, N.Y.)",PMC5733469
29292158,Using c-Jun to identify fear extinction learning-specific patterns of neural activity that are affected by single prolonged stress.,2018,Behavioural brain research,PMC5800954
29304386,The neurobiology of self face recognition among depressed adolescents.,2018,Journal of affective disorders,PMC5898821
29381390,Associations between subclinical depressive symptoms and reduced brain volume in middle-aged to older adults.,2019,Aging & mental health,PMC6066456
29422521,The pulvinar nucleus and antidepressant treatment: dynamic modeling of antidepressant response and remission with ultra-high field functional MRI.,2019,Molecular psychiatry,PMC6756007
29452218,TNFα disrupts blood brain barrier integrity to maintain prolonged depressive-like behavior in mice.,2018,"Brain, behavior, and immunity",PMC5963697
29471082,Anhedonic behavior and γ-amino butyric acid during a sensitive period in female rats exposed to early adversity.,2018,Journal of psychiatric research,PMC6295145
29550938,In vivo relationship between serotonin 1A receptor binding and gray matter volume in the healthy brain and in major depressive disorder.,2018,Brain structure & function,PMC6450806
29628069,Experiences of Discrimination Are Associated With Greater Resting Amygdala Activity and Functional Connectivity.,2018,Biological psychiatry. Cognitive neuroscience and neuroimaging,PMC5897058
29689500,Neural correlates of top-down regulation and generation of negative affect in major depressive disorder.,2018,Psychiatry research. Neuroimaging,PMC6010205
29764396,Functional connectivity of hippocampal subregions in PTSD: relations with symptoms.,2018,BMC psychiatry,PMC5952576
29799860,Neurotrophic factors and hippocampal activity in PTSD.,2018,PloS one,PMC5969740
29890029,Community violence exposure in early adolescence: Longitudinal associations with hippocampal and amygdala volume and resting state connectivity.,2018,Developmental science,PMC11694245
29977030,Magnetic resonance imaging evidence of hippocampal structural changes in patients with primary biliary cholangitis.,2018,Clinical and translational gastroenterology,PMC6033882
30006199,Volume of the Human Hippocampus and Clinical Response Following Electroconvulsive Therapy.,2018,Biological psychiatry,PMC6697556
30022427,Resting-state connectivity and spontaneous activity of ventromedial prefrontal cortex predict depressive symptomology and peripheral inflammation in HIV.,2018,Journal of neurovirology,PMC6202140
30035247,Cerebellar and prefrontal cortical alterations in PTSD: structural and functional evidence.,2018,"Chronic stress (Thousand Oaks, Calif.)",PMC6054445
30076980,Inflammation negatively correlates with amygdala-ventromedial prefrontal functional connectivity in association with anxiety in patients with depression: Preliminary results.,2018,"Brain, behavior, and immunity",PMC6129411
30142814,Magnetic resonance study on the brain structure and resting-state brain functional connectivity in primary insomnia patients,2018,Medicine,PMC6113012
30169690,Maternal Deprivation Enhances Contextual Fear Memory via Epigenetically Programming Second-Hit Stress-Induced Reelin Expression in Adult Rats.,2018,The international journal of neuropsychopharmacology,PMC6209857
30223909,Prefrontal glutamate levels predict altered amygdala-prefrontal connectivity in traumatized youths,2019,Psychological medicine,PMC6650776
30229715,Hippocampal-subregion functional alterations associated with antidepressant effects and cognitive impairments of electroconvulsive therapy.,2019,Psychological medicine,PMC6518386
30260530,Exposure-based therapy changes amygdala and hippocampus resting-state functional connectivity in patients with posttraumatic stress disorder.,2018,Depression and anxiety,PMC6168398
30266022,Does development moderate the effect of early life assaultive violence on resting-state networks? An exploratory study.,2018,Psychiatry research. Neuroimaging,PMC6373177
30414987,The regulation of positive and negative emotions through instructed causal attributions in lifetime depression - A functional magnetic resonance imaging study.,2018,NeuroImage. Clinical,PMC6234525
30526621,Hippocampal CA1 βCaMKII mediates neuroinflammatory responses via COX-2/PGE2 signaling pathways in depression.,2018,Journal of neuroinflammation,PMC6286788
30528926,Bullying victimization in typically developing and clinical high risk (CHR) adolescents: A multimodal imaging study.,2019,Schizophrenia research,PMC6555683
30529716,Resting amygdala connectivity and basal sympathetic tone as markers of chronic hypervigilance.,2019,Psychoneuroendocrinology,PMC6605037
30608940,Altered reward processing following an acute social stressor in adolescents.,2019,PloS one,PMC6319717
30809764,Marijuana use and major depressive disorder are additively associated with reduced verbal learning and altered cortical thickness.,2019,"Cognitive, affective & behavioral neuroscience",PMC6933749
30861143,Transdiagnostic trauma severity in anxiety and mood disorders: Functional brain activity during emotional scene processing,2020,Psychophysiology,PMC8785193
30898126,Effects of oxytocin on prosocial behavior and the associated profiles of oxytocinergic and corticotropin-releasing hormone receptors in a rodent model of posttraumatic stress disorder.,2019,Journal of biomedical science,PMC6427848
30903270,The neural correlates of low social integration as a risk factor for suicide.,2020,European archives of psychiatry and clinical neuroscience,PMC6756996
30905689,"Involvement in Sports, Hippocampal Volume, and Depressive Symptoms in Children.",2019,Biological psychiatry. Cognitive neuroscience and neuroimaging,PMC6500760
31158720,Examining raphe-amygdala structural connectivity as a biological predictor of SSRI response.,2019,Journal of affective disorders,PMC6750958
31175352,Hippocampal Subfields in Acute and Remitted Depression-an Ultra-High Field Magnetic Resonance Imaging Study.,2019,The international journal of neuropsychopharmacology,PMC6672627
31200165,Anxiety symptoms are associated with smaller insular and orbitofrontal cortex volumes in late-life depression.,2019,Journal of affective disorders,PMC6750975
31260599,Association between posttraumatic stress disorder severity and amygdala habituation to fearful stimuli.,2019,Depression and anxiety,PMC6943827
31268909,Adolescent stress increases depression-like behaviors and alters the excitatory-inhibitory balance in aged mice.,2019,Chinese medical journal,PMC6759106
31310906,Differential neural responding to affective stimuli in 6- to 8-year old children at high familial risk for depression: Associations with behavioral reward seeking.,2019,Journal of affective disorders,PMC6711822
31324591,Bidirectional Associations Between Stress and Reward Processing in Children and Adolescents: A Longitudinal Neuroimaging Study.,2019,Biological psychiatry. Cognitive neuroscience and neuroimaging,PMC6783352
31346158,"Glucocorticoid-induced leucine zipper ""quantifies"" stressors and increases male susceptibility to PTSD.",2019,Translational psychiatry,PMC6658561
31446381,The PPM1F gene moderates the association between PTSD and cortical thickness.,2019,Journal of affective disorders,PMC6791735
31488341,Altered amygdala subregion-related circuits in treatment-naïve post-traumatic stress disorder comorbid with major depressive disorder.,2019,European neuropsychopharmacology : the journal of the European College of Neuropsychopharmacology,PMC7434633
31586023,Clinical and neural responses to cognitive behavioral therapy for functional tremor.,2019,Neurology,PMC6946484
31615590,Inflammation and depressive phenotypes: evidence from medical records from over 12 000 patients and brain morphology.,2020,Psychological medicine,PMC7160032
31624305,Elevated perceived threat is associated with reduced hippocampal volume in combat veterans.,2019,Scientific reports,PMC6797706
31644424,Electric field causes volumetric changes in the human brain.,2019,eLife,PMC6874416
31928949,Magnetoencephalographic Correlates of Suicidal Ideation in Major Depression.,2020,Biological psychiatry. Cognitive neuroscience and neuroimaging,PMC7064429
31930959,High Behavioral Sensitivity to Carbon Dioxide Associates with Enhanced Fear Memory and Altered Forebrain Neuronal Activation.,2020,Neuroscience,PMC8418542
31958212,Neural responses to social evaluative threat in the absence of negative investigator feedback and provoked performance failures.,2020,Human brain mapping,PMC7268032
32063560,Brain-derived neurotrophic factor association with amygdala response in major depressive disorder.,2020,Journal of affective disorders,PMC8020847
32098947,"Stress, inflammation and hippocampal subfields in depression: A 7 Tesla MRI Study.",2020,Translational psychiatry,PMC7042360
32211762,Epigenetic Modifications of GABAergic Interneurons Contribute to Deficits in Adult Hippocampus Neurogenesis and Depression-Like Behavior in Prenatally Stressed Mice.,2020,The international journal of neuropsychopharmacology,PMC7177164
32243859,Stress Disrupts Human Hippocampal-Prefrontal Function during Prospective Spatial Navigation and Hinders Flexible Behavior.,2020,Current biology : CB,PMC7331937
32305039,"Associations between different dimensions of prenatal distress, neonatal hippocampal connectivity, and infant memory.",2020,Neuropsychopharmacology : official publication of the American College of Neuropsychopharmacology,PMC7297970
32306485,Neural function during emotion processing and modulation associated with treatment response in a randomized clinical trial for posttraumatic stress disorder.,2020,Depression and anxiety,PMC8010611
32353815,Sepsis survivor mice exhibit a behavioral endocrine syndrome with ventral hippocampal dysfunction.,2020,Psychoneuroendocrinology,PMC7845932
32435666,Amygdala functional connectivity in the acute aftermath of trauma prospectively predicts severity of posttraumatic stress symptoms.,2020,Neurobiology of stress,PMC7231977
32440605,Hippocampal Volume in Psychiatric Diagnoses: Should Psychiatry Biomarker Research Account for Comorbidities?,2020,"Chronic stress (Thousand Oaks, Calif.)",PMC7219869
32507508,Diagnostic and Predictive Neuroimaging Biomarkers for Posttraumatic Stress Disorder.,2020,Biological psychiatry. Cognitive neuroscience and neuroimaging,PMC7354213
32524616,Para-limbic Structural Abnormalities Are Associated With Internalizing Symptoms in Children With Prenatal Alcohol Exposure.,2020,"Alcoholism, clinical and experimental research",PMC7484415
32525273,Multi-voxel pattern analysis of amygdala functional connectivity at rest predicts variability in posttraumatic stress severity.,2020,Brain and behavior,PMC7428479
32553377,Smaller left hippocampal subfield CA1 volume is associated with reported childhood physical and/or sexual abuse in major depression: A pilot study.,2020,Journal of affective disorders,PMC13108372
32623140,Emotion self-regulation training in major depressive disorder using simultaneous real-time fMRI and EEG neurofeedback.,2020,NeuroImage. Clinical,PMC7334611
32643841,How do substance use disorders compare to other psychiatric conditions on structural brain abnormalities? A cross-disorder meta-analytic comparison using the ENIGMA consortium findings.,2022,Human brain mapping,PMC8675406
32690671,Posttraumatic Stress Disorder Is Associated with α Dysrhythmia across the Visual Cortex and the Default Mode Network.,2020,eNeuro,PMC7405069
32747631,Volumetric changes in subcortical structures following repeated ketamine treatment in patients with major depressive disorder: a longitudinal analysis.,2020,Translational psychiatry,PMC7400625
32750139,"Resting-State Function Connectivity Associated With Being a ""Morning-Type"" Dementia Caregiver and Having Lower Depression Symptom Severity.",2021,"The journals of gerontology. Series B, Psychological sciences and social sciences",PMC8200349
32778662,Increased persistence of avoidance behaviour and social deficits with L.rhamnosus JB-1 or selective serotonin reuptake inhibitor treatment following social defeat.,2020,Scientific reports,PMC7417579
32807799,The association of PTSD symptom severity with amygdala nuclei volumes in traumatized youths.,2020,Translational psychiatry,PMC7431855
33000367,"Violence exposure, affective style, and stress-induced changes in resting state functional connectivity.",2020,"Cognitive, affective & behavioral neuroscience",PMC7718383
33057046,Impaired left amygdala resting state functional connectivity in subthreshold depression individuals.,2020,Scientific reports,PMC7560839
33261695,Childhood trauma moderates morphometric associations between orbitofrontal cortex and amygdala: implications for pathological personality traits.,2022,Psychological medicine,PMC8319917
33296139,Structural abnormalities of cingulate cortex in patients with first-episode drug-naïve schizophrenia comorbid with depressive symptoms.,2021,Human brain mapping,PMC7978138
33315100,Hippocampal subfield alterations in pediatric patients with post-traumatic stress disorder.,2021,Social cognitive and affective neuroscience,PMC7943370
33316764,"Reduced anxiety and changes in amygdala network properties in adolescents with training for awareness, resilience, and action (TARA).",2021,NeuroImage. Clinical,PMC7735968
33327969,Socioeconomic deprivation in early life and symptoms of depression and anxiety in young adulthood: mediating role of hippocampal connectivity.,2022,Psychological medicine,PMC9647532
33328539,"Brain structural network alterations related to serum cortisol levels in drug-naïve, first-episode major depressive disorder patients: a source-based morphometric study.",2020,Scientific reports,PMC7745014
33348179,Hippocampal subregion volume in high-risk offspring is associated with increases in depressive symptoms across the transition to adolescence.,2021,Journal of affective disorders,PMC7856102
33395974,Rt-fMRI neurofeedback-guided cognitive reappraisal training modulates amygdala responsivity in posttraumatic stress disorder,2020,NeuroImage. Clinical,PMC7689411
33403669,Exploring valence bias as a metric for frontoamygdalar connectivity and depressive symptoms in childhood.,2021,Developmental psychobiology,PMC8255333
33432545,Effects of unilateral tDCS over left prefrontal cortex on emotion regulation in depression: Evidence from concurrent functional magnetic resonance imaging.,2021,"Cognitive, affective & behavioral neuroscience",PMC8572372
33517107,"Longitudinal changes in amygdala, hippocampus and cortisol development following early caregiving adversity.",2021,Developmental cognitive neuroscience,PMC7848778
33570244,"Subcortical volumes across the lifespan: Data from 18,605 healthy individuals aged 3-90 years.",2022,Human brain mapping,PMC8675429
33615622,Individual differences in interoceptive accuracy and prediction error in motor functional neurological disorders: A DTI study.,2021,Human brain mapping,PMC7927304
33745487,Prefrontal cortex and amygdala anatomy in youth with persistent levels of harsh parenting practices and subclinical anxiety symptoms over time during childhood.,2022,Development and psychopathology,PMC11784656
33819532,Hippocampal activation during contextual fear inhibition related to resilience in the early aftermath of trauma.,2021,Behavioural brain research,PMC8128041
33903597,The brain at war: effects of stress on brain structure in soldiers deployed to a war zone.,2021,Translational psychiatry,PMC8076198
33904978,Hostility in medication-resistant major depression and comorbid generalized anxiety disorder is related to increased hippocampal-amygdala 5-HT<sub>2A</sub> receptor density.,2021,European archives of psychiatry and clinical neuroscience,PMC8429407
33926595,Resting-state connectivity subtype of comorbid PTSD and alcohol use disorder moderates improvement from integrated prolonged exposure therapy in Veterans.,2023,Psychological medicine,PMC10880798
33940974,Dysfunctional energy metabolisms in fibromyalgia compared with healthy subjects.,2021,Molecular pain,PMC8113919
33962164,Gray matter volume correlates of adolescent posttraumatic stress disorder: A comparison of manual intervention and automated segmentation in FreeSurfer.,2021,Psychiatry research. Neuroimaging,PMC8205994
34035803,Potential Alterations of Functional Connectivity Analysis in the Patients with Chronic Prostatitis/Chronic Pelvic Pain Syndrome.,2021,Neural plasticity,PMC8121565
34074266,"Altered spontaneous neural activity in the precuneus, middle and superior frontal gyri, and hippocampus in college students with subclinical depression.",2021,BMC psychiatry,PMC8167968
34089276,Depression is associated with hippocampal volume loss in adults with HIV.,2021,Human brain mapping,PMC8288081
34174690,"Same salience, different consequences: Disturbed inter-network connectivity during a social oddball paradigm in major depressive disorder.",2021,NeuroImage. Clinical,PMC8234357
34285348,Post-traumatic stress symptoms in COVID-19 survivors: a self-report and brain imaging follow-up study.,2021,Molecular psychiatry,PMC8290134
34304036,Thalamic volume and fear extinction interact to predict acute posttraumatic stress severity.,2021,Journal of psychiatric research,PMC8513112
34455213,Effects of intranasal oxytocin on threat- and reward-related functional connectivity in men and women with and without childhood abuse-related PTSD.,2021,Psychiatry research. Neuroimaging,PMC8572525
34480013,Neural correlates of emotional reactivity and regulation in traumatized North Korean refugees.,2021,Translational psychiatry,PMC8417257
34486502,Multimodal assessment of sustained threat in adolescents with nonsuicidal self-injury,2021,Development and psychopathology,PMC8898324
34567441,"Association between childhood trauma and brain anatomy in women with post-traumatic stress disorder, women with borderline personality disorder, and healthy women.",2021,European journal of psychotraumatology,PMC8462923
34812558,Mild early-life stress exaggerates the impact of acute stress on corticolimbic resting-state functional connectivity.,2022,The European journal of neuroscience,PMC9299814
34916497,Trauma and posttraumatic stress disorder modulate polygenic predictors of hippocampal and amygdala volume,2021,Translational psychiatry,PMC8677780
35013110,Sex-specific neural responses to acute psychosocial stress in depression.,2022,Translational psychiatry,PMC8748634
35027443,"Investigating structural subdivisions of the anterior cingulate cortex in schizophrenia, with implications for treatment resistance and glutamatergic levels.",2022,Journal of psychiatry & neuroscience : JPN,PMC8842685
35072718,Racial Discrimination and Resting-State Functional Connectivity of Salience Network Nodes in Trauma-Exposed Black Adults in the United States,2022,JAMA network open,PMC8787596
35156124,Neural correlates of negative emotion processing in subthreshold depression.,2022,Social cognitive and affective neuroscience,PMC9250298
35217366,Neutrophil to lymphocyte ratio is a transdiagnostic biomarker of depression and structural and functional brain alterations in older adults.,2022,Journal of neuroimmunology,PMC11092564
35272095,Intrinsic Connectivity and Family Dynamics: Striatolimbic Markers of Risk and Resilience in Youth at Familial Risk for Mood Disorders.,2022,Biological psychiatry. Cognitive neuroscience and neuroimaging,PMC9452604
35535862,"Correlation between intestinal microbiotal imbalance and 5-HT metabolism, immune inflammation in chronic unpredictable mild stress male rats.",2022,"Genes, brain, and behavior",PMC9744555
35589678,Altered hippocampus and amygdala subregion connectome hierarchy in major depressive disorder.,2022,Translational psychiatry,PMC9120054
35657301,Altered motivation of effortful decision-making for self and others in subthreshold depression.,2022,Depression and anxiety,PMC9543190
35691252,Shared Transdiagnostic Neuroanatomical Signatures Across First-episode Patients with Major Psychiatric Diseases and Individuals at Familial Risk.,2022,NeuroImage. Clinical,PMC9194955
35728922,Identifying common and distinct subcortical volumetric abnormalities in 3 major psychiatric disorders: a single-site analysis of 640 participants.,2022,Journal of psychiatry & neuroscience : JPN,PMC9343126
35772683,"Inflammation, amygdala-ventromedial prefrontal functional connectivity and symptoms of anxiety and PTSD in African American women recruited from an inner-city hospital: Preliminary results.",2022,"Brain, behavior, and immunity",PMC11041384
35806185,The Role of Microglia in the (Mal)adaptive Response to Traumatic Experience in an Animal Model of PTSD.,2022,International journal of molecular sciences,PMC9266429
35871353,Reduced Hippocampal and Anterior Cingulate Expression of Antioxidant Enzymes and Membrane Progesterone Receptors in Alzheimer's Disease with Depression.,2022,Journal of Alzheimer's disease : JAD,PMC10041688
35936944,Neuroimaging Correlates of Treatment Response with Psychedelics in Major Depressive Disorder: A Systematic Review.,2022,"Chronic stress (Thousand Oaks, Calif.)",PMC9350516
35980777,Prefrontal Cortex Volume Mediates the Relationship Between Lifetime Chronic Stressor Exposure and Cognition in People Living With and Without HIV.,2022,Psychosomatic medicine,PMC9553266
36001327,Functional Connectivity of the Nucleus Accumbens and Changes in Appetite in Patients With Depression.,2022,JAMA psychiatry,PMC9403857
36001419,Cortical thickness and related depressive symptoms in early abstinence from chronic methamphetamine use,2022,Addiction biology,PMC9413352
36030219,Brain structural correlates of recurrence following the first episode in patients with major depressive disorder.,2022,Translational psychiatry,PMC9420111
36088843,Associations of depression and regional brain structure across the adult lifespan: Pooled analyses of six population-based and two clinical cohort studies in the European Lifebrain consortium.,2022,NeuroImage. Clinical,PMC9467888
36114591,"The relationship between chronic PTSD, cortical volumetry and white matter microstructure among Australian combat veterans.",2022,Military Medical Research,PMC9482182
36173403,Investigation of Neurofunctional Changes Over the Course of Electroconvulsive Therapy.,2023,The international journal of neuropsychopharmacology,PMC9850659
36257119,Decreased reward circuit connectivity during reward anticipation in major depression.,2022,NeuroImage. Clinical,PMC9668633
36296987,Neuronal Nitric Oxide Synthase Regulates Depression-like Behaviors in Shortening-Induced Obese Mice.,2022,Nutrients,PMC9609729
36349877,Sex-based variations of prefrontal structure and longitudinal symptoms in pediatric posttraumatic stress disorder.,2022,Depression and anxiety,PMC9762118
36451372,Aberrant static and dynamic functional connectivity of amygdala subregions in patients with major depressive disorder and childhood maltreatment.,2022,NeuroImage. Clinical,PMC9668673
36482694,Influences of resting-state intrinsic functional brain connectivity on the antidepressant treatment response in late-life depression,2023,Psychological medicine,PMC10250562
36495626,"Hippocampal subfields, daily stressors, and resting cortisol in individuals at clinical high-risk for psychosis.",2023,Psychoneuroendocrinology,PMC9898196
36725899,"Structural inequities contribute to racial/ethnic differences in neurophysiological tone, but not threat reactivity, after trauma exposure.",2023,Molecular psychiatry,PMC10615735
36803969,Disrupted dynamic functional connectivity of hippocampal subregions mediated the slowed information processing speed in late-life depression.,2023,Psychological medicine,PMC10600940
36843572,Nicotine Use and Metabotropic Glutamate Receptor 5 in Individuals With Major Depressive and Posttraumatic Stress Disorders.,2023,"Chronic stress (Thousand Oaks, Calif.)",PMC9943964
36880638,Tensorial independent component analysis reveals social and reward networks associated with major depressive disorder.,2023,Human brain mapping,PMC10089091
36949685,[Anatomic Abnormalities of Hippocampal Subfields in First-Episode Drug-Naïve Schizophrenia and Major Depressive Disorder: A Structural MRI Comparative Study].,2023,Sichuan da xue xue bao. Yi xue ban = Journal of Sichuan University. Medical science edition,PMC10409160
37068311,Electroconvulsive therapy induces remodeling of hippocampal co-activation with the default mode network in patients with depression.,2023,NeuroImage. Clinical,PMC10130338
37076616,Effects of acute stress and depression on functional connectivity between prefrontal cortex and the amygdala.,2023,Molecular psychiatry,PMC11887625
37091700,Severity related neuroanatomical and spontaneous functional activity alteration in adolescents with major depressive disorder.,2023,Frontiers in psychiatry,PMC10113492
37146439,Neural response to stress differs by sex in young adulthood.,2023,Psychiatry research. Neuroimaging,PMC10247431
37160577,Maternal Childhood Abuse Versus Neglect Associated with Differential Patterns of Infant Brain Development.,2023,Research on child and adolescent psychopathology,PMC10661793
37263267,Orbitofrontal cortex-hippocampus potentiation mediates relief for depression: A randomized double-blind trial and TMS-EEG study.,2023,Cell reports. Medicine,PMC10313932
37318808,"A Cognitive Biotype of Depression and Symptoms, Behavior Measures, Neural Circuits, and Differential Treatment Outcomes: A Prespecified Secondary Analysis of a Randomized Clinical Trial.",2023,JAMA network open,PMC10273022
37339817,Real-time functional magnetic resonance imaging neurofeedback training of amygdala upregulation increases affective flexibility in depression.,2023,Journal of psychiatry & neuroscience : JPN,PMC10281719
37672593,Depression recurrence is accompanied by longer periods in default mode and more frequent attentional and reward processing dynamic brain-states during resting-state activity,2023,Human brain mapping,PMC10619399
37688552,Compressed primary-to-transmodal gradient is accompanied with subcortical alterations and linked to neurotransmitters and cellular signatures in major depressive disorder.,2023,Human brain mapping,PMC10619397
37818587,Atypical Interpersonal Problem-Solving and Resting-state Functional Connectivity in Adolescents with Maltreatment Experience.,2024,Current neuropharmacology,PMC10788892
37852590,Heightened neural activity and functional connectivity responses to social rejection in female adolescents at risk for depression: Testing the Social Signal Transduction Theory of Depression.,2024,Journal of affective disorders,PMC11121539
38039780,Effects of Cortisol Administration on Resting-State Functional Connectivity in Women with Depression.,2024,Psychiatry research. Neuroimaging,PMC10843737
38170304,Atrophy patterns in hippocampus and amygdala subregions of depressed patients with Parkinson's disease.,2024,Brain imaging and behavior,PMC11222218
38470418,Reconfiguration of Structural and Functional Connectivity Coupling in Patient Subgroups With Adolescent Depression.,2024,JAMA network open,PMC10933730
38485934,Preliminary evidence for preserved synaptic density in late-life depression.,2024,Translational psychiatry,PMC10940592
38580625,Low Functional network integrity in cognitively unimpaired and MCI subjects with depressive symptoms: results from a multi-center fMRI study.,2024,Translational psychiatry,PMC10997664
38711213,White matter integrity of right frontostriatal circuit predicts internet addiction severity among internet gamers.,2024,Addiction biology,PMC11074389
38802508,Disease-specific alterations in central fear network engagement during acquisition and extinction of conditioned interoceptive fear in inflammatory bowel disease.,2024,Molecular psychiatry,PMC11541002
38870601,Familial risk for depression moderates neural circuitry in healthy preadolescents to predict adolescent depression symptoms in the Adolescent Brain Cognitive Development (ABCD) Study.,2024,Developmental cognitive neuroscience,PMC11225685
38909414,Neurodevelopmental signature of a transcriptome-based polygenic risk score for depression.,2024,Psychiatry research,PMC11440511
38940908,Involvement of dysregulated hippocampal histone H3K9 methylation at the promoter of the BDNF gene in impaired memory extinction.,2024,Psychopharmacology,PMC11513706
39169008,Investigating the bed nucleus of the stria terminalis as a predictor of posttraumatic stress disorder in Black Americans and the moderating effects of racial discrimination.,2024,Translational psychiatry,PMC11339439
39187192,"The unique face of comorbid anxiety and depression: Increased frontal, insula and cingulate cortex response during Pavlovian fear-conditioning.",2024,Journal of affective disorders,PMC11481760
39196261,Differential increase of hippocampal subfield volume after socio-affective mental training relates to reductions in diurnal cortisol.,2024,eLife,PMC11357357
39232415,Aberrant high-beta band functional connectivity during reward processing in melancholic major depressive disorder: An MEG study.,2024,NeuroImage. Clinical,PMC11404173
39297976,Alterations of perfusion and functional connectivity of the cingulate motor area are associated with psychomotor retardation in major depressive disorder.,2025,European archives of psychiatry and clinical neuroscience,PMC12149263
39368629,Developmental Differences in a Hippocampal-Cingulate Pathway Involved in Learned Safety Following Interpersonal Trauma Exposure.,2025,Journal of the American Academy of Child and Adolescent Psychiatry,PMC11965437
39487398,Alterations of subcortical structure volume in pediatric bipolar disorder patients with manic or depressive first-episode.,2024,BMC psychiatry,PMC11531125
39581384,Estradiol modulates resting-state connectivity in perimenopausal depression.,2025,Journal of affective disorders,PMC12035911
39670994,Changes in hippocampal volume and affective functioning after a moderate intensity running intervention.,2024,Brain structure & function,PMC11645311
39681629,Electroconvulsive therapy-specific volume changes in nuclei of the amygdala and their relationship to long-term anxiety improvement in depression.,2025,Molecular psychiatry,PMC12092276
39705315,SKA2 enhances stress-related glucocorticoid receptor signaling through FKBP4-FKBP5 interactions in neurons.,2024,Proceedings of the National Academy of Sciences of the United States of America,PMC11670087
39711016,"Perineuronal Nets in Syrian Hamsters: Anatomical Localization, Sex Differences, Diurnal Variation, and Response to Social Stress.",2024,Brain and behavior,PMC11664038
39738361,Impact of post-traumatic stress disorder on epileptogenic networks: a functional connectivity study.,2024,Scientific reports,PMC11685526
39753729,Differential gray matter correlates and machine learning prediction of abuse and internalizing psychopathology in adolescent females.,2025,Scientific reports,PMC11698963
39921150,Regional brain structural alterations in reward and salience networks in asthma.,2025,"Brain, behavior, and immunity",PMC12003077
39948408,Magnetic resonance imaging signatures of neuroinflammation in major depressive disorder with religious and spiritual problems.,2025,Scientific reports,PMC11825903
40249013,Chronic Stress May Amplify Gender/Sex Differences in Amygdala Reactivity to Ambiguous Emotional Stimuli.,2025,Stress and health : journal of the International Society for the Investigation of Stress,PMC12007074
40261001,Hippocampal connectivity changes after traumatic memory reactivation with propranolol for posttraumatic stress disorder: a randomized fMRI study.,2025,European journal of psychotraumatology,PMC12016248
40274783,Brain connectivity and transcriptional changes induced by rTMS in first-episode major depressive disorder.,2025,Translational psychiatry,PMC12022310
40348822,Somatosensory and prefrontal cortex activity relates to emotional outcomes and hair cortisol concentration in chronic postsurgical pain.,2025,Scientific reports,PMC12065869
40398928,Hippocampal and amygdala subfield volumes in obsessive-compulsive disorder by medication status.,2025,Journal of psychiatry & neuroscience : JPN,PMC12114122
40455869,Modelling fragile X-associated neuropsychiatric disorders in young inducible 90CGG premutation mice.,2025,Brain : a journal of neurology,PMC12404715
40495283,"Emotion anticipation and processing in depression: Behavioral, neural, and physiological reactivity.",2025,European psychiatry : the journal of the Association of European Psychiatrists,PMC12188339
40550956,Fatty acid amide hydrolase in major depressive episodes: A [<sup>11</sup>C]CURB positron emission tomography study.,2025,Neuropsychopharmacology : official publication of the American College of Neuropsychopharmacology,PMC12339711
40597888,"Hippocampus alterations in post-traumatic stress disorder among survivors of the consecutive Kahramanmaraş (Turkey) earthquakes in February 6, 2023: earthquake brain at the end of the first year",2025,BMC psychiatry,PMC12220645
40671512,Amygdala-Ventral Striatum Functional Connectivity Underlies Craving in Gambling Disorder: A Mediating Role of Depressive Symptoms.,2025,Addiction biology,PMC12268111
40692500,A whole-brain voxel-based analysis of structural abnormalities in PTSD: An ENIGMA-PGC study.,2025,European psychiatry : the journal of the Association of European Psychiatrists,PMC12344465
40847007,"Predictive value of subgenual cingulate normative connectivity to TMS treatment site for antidepressant response in routine clinical practice: a prospective, multisite cohort study.",2026,Molecular psychiatry,PMC13123512
40891026,The Role of the Complement C3-Hippocampus Pathway in Relation With Mood Symptoms in Offspring of Parents With Bipolar Disorder.,2025,Bipolar disorders,PMC12483309
40926657,Smaller hippocampal tail volume is associated with plasma CCL11 levels in patients with major depressive disorder.,2025,Psychological medicine,PMC13040599
40959147,The Underlying Mechanisms of Comorbid Anxiety and Depression Among Young Women: Evidence From Brain Structure and Hormone.,2025,Depression and anxiety,PMC12436020
40966302,Reward network mechanism in anhedonia and depression.,2025,PloS one,PMC12445566
40999237,Reversible modulation of a deep white matter surgical target for depression with low-intensity focused ultrasound.,2026,Neuropsychopharmacology : official publication of the American College of Neuropsychopharmacology,PMC12803698
41017263,Motor circuits and beyond: Functional connectivity related to psychomotor syndromes in depression.,2025,Psychological medicine,PMC12527541
41030130,Defining the contributions of tau pathology in the amygdala to increasing depressive symptoms in aging.,2025,Alzheimer's & dementia : the journal of the Alzheimer's Association,PMC12484709
41034507,"Hippocampal SGK1 promotes vulnerability to depression: the role of early life adversity, stress, and genetic risk.",2025,Molecular psychiatry,PMC12602343
41052973,Role of the rostral anterior cingulate cortex in emotion processing in Treatment Resistant Depression.,2025,Translational psychiatry,PMC12500956
41053435,Cortical 5-HT<sub>2A</sub> receptors in depression and suicide: a systematic review and meta-analysis of in vivo and post-mortem imaging studies.,2025,Molecular psychiatry,PMC12602341
41083956,Brain structural and functional aberrant of hippocampal subregions was associated with somatic depression.,2025,BMC psychiatry,PMC12519868
41109521,TMS-induced modulation of brain networks and its associations to rTMS treatment for depression: a concurrent fMRI-EEG-TMS study.,2025,Brain stimulation,PMC12716231
41173853,The association between gut microbiota and functional connectivity in cognitive impairment of first-episode major depressive disorder.,2025,Translational psychiatry,PMC12579243
41266337,Chronic administration of isotretinoin induces depressive- and anxiety-like behaviors by altering the neuroactive ligand-receptor interaction pathway in adolescent mice.,2025,Translational psychiatry,PMC12808720
41332348,Differential brain regional activity and connectivity of anterior cingulate cortex between major depressive disorder with and without suicidal ideation under resting state.,2025,Psychological medicine,PMC13058635
41387341,Self-Processing Circuits Among Depressed Youth After Amygdala Neurofeedback Cued to the Self-Face.,2025,Journal of neuroscience research,PMC12700847
41398163,Symptom-specific alterations in subregional intrinsic connectivity of anterior cingulate cortex in major depressive disorder.,2025,Translational psychiatry,PMC12783760
41425658,Study on the Changes of Brain Function in Adolescents With Pain-Depression Comorbidity Based on rs-FMRI.,2025,Depression and anxiety,PMC12714116
41457178,"Structural covariance, regional topology, and volumetric aspects of amygdala subnuclei in posttraumatic stress disorder using ultra-high field imaging.",2026,Molecular psychiatry,PMC13099380
41478464,Effects of Dopaminergic Therapy with Levodopa (L-DOPA) on Fear and Anxiety-Related Circuits and Symptoms in Patients with Depression and Higher Inflammation,2026,"Brain, behavior, and immunity",PMC12987699
41480821,Abnormal Resting-State Functional Connectivity Between the Dorsal Anterior Cingulate Cortex and the Limbic System Contributes to Pain and Emotion Regulation Impairment in Fibromyalgia Patients.,2026,International journal of rheumatic diseases,PMC12757978
41611638,Association between brain volume and depression in Alzheimer's disease: Neuroimaging insights.,2026,Alzheimer's & dementia : the journal of the Alzheimer's Association,PMC12854940
41691280,"The impact of predator stress on electroshock seizure threshold: insights into GABAergic, glutamatergic, and serotonergic pathways in mice.",2026,Behavioral and brain functions : BBF,PMC13011472
41764177,"Early abstinence in severe alcohol use disorder: MCP-1 decline, choroid plexus shrinkage, and region-specific grey-matter volume changes.",2026,Translational psychiatry,PMC13002915
41898673,Kappa-Opioid Receptor Antagonism Prolongs the Antidepressant Effects of Ketamine in Adult Mice with Depression-like Behavior Induced by Adolescent Chronic Unpredictable Stress.,2026,International journal of molecular sciences,PMC13026322
42046888,Distinct and common subcortical functional connectivity revealed across three major psychiatric disorders.,2026,Psychological medicine,PMC13125929
42083449,Objective sleep efficiency links to cortisol stress recovery via dorsolateral prefrontal-hippocampal regulation.,2026,Psychological medicine,PMC13161799
